Configuration,0,1,2,3,4,5,6,7,8,9,10,11,12,13,14,15,16,17,18,19,20,21,22,23,24,25,26,27,28,29,30,31,32,33,34,35,36,37,38,39,40,41,42,43,44,45,46
16x2,0,0,72,0,0,0,0,0,0,0,0,0,0,0,0,0,0,0,0,0,0,0,0,0,0,0,0,0,0,0,0,0,0,0,0,0,0,0,0,0,0,0,0,0,0,0
20x2,10,60,60,0,0,0,0,0,0,0,0,0,0,0,0,0,0,0,0,0,0,0,0,0,0,0,0,0,0,0,0,0,0,0,0,0,0,0,0,0,0,0,0,0,0,0
24x2,48,96,60,0,0,0,0,0,0,0,0,0,0,0,0,0,0,0,0,0,0,0,0,0,0,0,0,0,0,0,0,0,0,0,0,0,0,0,0,0,0,0,0,0,0,0
28x2,84,168,42,0,0,0,0,0,0,0,0,0,0,0,0,0,0,0,0,0,0,0,0,0,0,0,0,0,0,0,0,0,0,0,0,0,0,0,0,0,0,0,0,0,0,0
32x2,192,128,80,0,0,0,0,0,0,0,0,0,0,0,0,0,0,0,0,0,0,0,0,0,0,0,0,0,0,0,0,0,0,0,0,0,0,0,0,0,0,0,0,0,0,0
36x2,240,240,42,0,0,0,0,0,0,0,0,0,0,0,0,0,0,0,0,0,0,0,0,0,0,0,0,0,0,0,0,0,0,0,0,0,0,0,0,0,0,0,0,0,0,0
40x2,336,288,36,0,0,0,0,0,0,0,0,0,0,0,0,0,0,0,0,0,0,0,0,0,0,0,0,0,0,0,0,0,0,0,0,0,0,0,0,0,0,0,0,0,0,0
44x2,464,304,46,0,0,0,0,0,0,0,0,0,0,0,0,0,0,0,0,0,0,0,0,0,0,0,0,0,0,0,0,0,0,0,0,0,0,0,0,0,0,0,0,0,0,0
48x2,588,360,36,0,0,0,0,0,0,0,0,0,0,0,0,0,0,0,0,0,0,0,0,0,0,0,0,0,0,0,0,0,0,0,0,0,0,0,0,0,0,0,0,0,0,0
52x2,726,420,24,0,0,0,0,0,0,0,0,0,0,0,0,0,0,0,0,0,0,0,0,0,0,0,0,0,0,0,0,0,0,0,0,0,0,0,0,0,0,0,0,0,0,0
56x2,882,476,14,0,0,0,0,0,0,0,0,0,0,0,0,0,0,0,0,0,0,0,0,0,0,0,0,0,0,0,0,0,0,0,0,0,0,0,0,0,0,0,0,0,0,0
60x2,1122,396,72,0,0,0,0,0,0,0,0,0,0,0,0,0,0,0,0,0,0,0,0,0,0,0,0,0,0,0,0,0,0,0,0,0,0,0,0,0,0,0,0,0,0,0
64x2,1536,0,288,0,0,0,0,0,0,0,0,0,0,0,0,0,0,0,0,0,0,0,0,0,0,0,0,0,0,0,0,0,0,0,0,0,0,0,0,0,0,0,0,0,0,0
68x2,1514,508,52,0,0,0,0,0,0,0,0,0,0,0,0,0,0,0,0,0,0,0,0,0,0,0,0,0,0,0,0,0,0,0,0,0,0,0,0,0,0,0,0,0,0,0
72x2,1740,552,48,0,0,0,0,0,0,0,0,0,0,0,0,0,0,0,0,0,0,0,0,0,0,0,0,0,0,0,0,0,0,0,0,0,0,0,0,0,0,0,0,0,0,0
76x2,2094,372,156,0,0,0,0,0,0,0,0,0,0,0,0,0,0,0,0,0,0,0,0,0,0,0,0,0,0,0,0,0,0,0,0,0,0,0,0,0,0,0,0,0,0,0
80x2,2280,560,80,0,0,0,0,0,0,0,0,0,0,0,0,0,0,0,0,0,0,0,0,0,0,0,0,0,0,0,0,0,0,0,0,0,0,0,0,0,0,0,0,0,0,0
84x2,2550,612,72,0,0,0,0,0,0,0,0,0,0,0,0,0,0,0,0,0,0,0,0,0,0,0,0,0,0,0,0,0,0,0,0,0,0,0,0,0,0,0,0,0,0,0
88x2,2856,624,84,0,0,0,0,0,0,0,0,0,0,0,0,0,0,0,0,0,0,0,0,0,0,0,0,0,0,0,0,0,0,0,0,0,0,0,0,0,0,0,0,0,0,0
92x2,3128,736,46,0,0,0,0,0,0,0,0,0,0,0,0,0,0,0,0,0,0,0,0,0,0,0,0,0,0,0,0,0,0,0,0,0,0,0,0,0,0,0,0,0,0,0
96x2,3508,664,100,0,0,0,0,0,0,0,0,0,0,0,0,0,0,0,0,0,0,0,0,0,0,0,0,0,0,0,0,0,0,0,0,0,0,0,0,0,0,0,0,0,0,0
100x2,3850,700,100,0,0,0,0,0,0,0,0,0,0,0,0,0,0,0,0,0,0,0,0,0,0,0,0,0,0,0,0,0,0,0,0,0,0,0,0,0,0,0,0,0,0,0
104x2,4212,728,104,0,0,0,0,0,0,0,0,0,0,0,0,0,0,0,0,0,0,0,0,0,0,0,0,0,0,0,0,0,0,0,0,0,0,0,0,0,0,0,0,0,0,0
108x2,4578,780,96,0,0,0,0,0,0,0,0,0,0,0,0,0,0,0,0,0,0,0,0,0,0,0,0,0,0,0,0,0,0,0,0,0,0,0,0,0,0,0,0,0,0,0
112x2,4944,864,72,0,0,0,0,0,0,0,0,0,0,0,0,0,0,0,0,0,0,0,0,0,0,0,0,0,0,0,0,0,0,0,0,0,0,0,0,0,0,0,0,0,0,0
116x2,5316,968,38,0,0,0,0,0,0,0,0,0,0,0,0,0,0,0,0,0,0,0,0,0,0,0,0,0,0,0,0,0,0,0,0,0,0,0,0,0,0,0,0,0,0,0
120x2,5730,1020,30,0,0,0,0,0,0,0,0,0,0,0,0,0,0,0,0,0,0,0,0,0,0,0,0,0,0,0,0,0,0,0,0,0,0,0,0,0,0,0,0,0,0,0
124x2,6198,996,60,0,0,0,0,0,0,0,0,0,0,0,0,0,0,0,0,0,0,0,0,0,0,0,0,0,0,0,0,0,0,0,0,0,0,0,0,0,0,0,0,0,0,0
128x2,7168,0,576,0,0,0,0,0,0,0,0,0,0,0,0,0,0,0,0,0,0,0,0,0,0,0,0,0,0,0,0,0,0,0,0,0,0,0,0,0,0,0,0,0,0,0
132x2,7098,1116,36,0,0,0,0,0,0,0,0,0,0,0,0,0,0,0,0,0,0,0,0,0,0,0,0,0,0,0,0,0,0,0,0,0,0,0,0,0,0,0,0,0,0,0
136x2,7752,816,204,0,0,0,0,0,0,0,0,0,0,0,0,0,0,0,0,0,0,0,0,0,0,0,0,0,0,0,0,0,0,0,0,0,0,0,0,0,0,0,0,0,0,0
140x2,8102,1156,52,0,0,0,0,0,0,0,0,0,0,0,0,0,0,0,0,0,0,0,0,0,0,0,0,0,0,0,0,0,0,0,0,0,0,0,0,0,0,0,0,0,0,0
144x2,8608,1216,40,0,0,0,0,0,0,0,0,0,0,0,0,0,0,0,0,0,0,0,0,0,0,0,0,0,0,0,0,0,0,0,0,0,0,0,0,0,0,0,0,0,0,0
148x2,9186,1164,84,0,0,0,0,0,0,0,0,0,0,0,0,0,0,0,0,0,0,0,0,0,0,0,0,0,0,0,0,0,0,0,0,0,0,0,0,0,0,0,0,0,0,0
152x2,9698,1276,46,0,0,0,0,0,0,0,0,0,0,0,0,0,0,0,0,0,0,0,0,0,0,0,0,0,0,0,0,0,0,0,0,0,0,0,0,0,0,0,0,0,0,0
156x2,10314,1212,96,0,0,0,0,0,0,0,0,0,0,0,0,0,0,0,0,0,0,0,0,0,0,0,0,0,0,0,0,0,0,0,0,0,0,0,0,0,0,0,0,0,0,0
160x2,11520,0,720,0,0,0,0,0,0,0,0,0,0,0,0,0,0,0,0,0,0,0,0,0,0,0,0,0,0,0,0,0,0,0,0,0,0,0,0,0,0,0,0,0,0,0
164x2,11430,1412,32,0,0,0,0,0,0,0,0,0,0,0,0,0,0,0,0,0,0,0,0,0,0,0,0,0,0,0,0,0,0,0,0,0,0,0,0,0,0,0,0,0,0,0
168x2,12050,1436,38,0,0,0,0,0,0,0,0,0,0,0,0,0,0,0,0,0,0,0,0,0,0,0,0,0,0,0,0,0,0,0,0,0,0,0,0,0,0,0,0,0,0,0
172x2,12674,1484,32,0,0,0,0,0,0,0,0,0,0,0,0,0,0,0,0,0,0,0,0,0,0,0,0,0,0,0,0,0,0,0,0,0,0,0,0,0,0,0,0,0,0,0
16x3,0,0,0,0,0,0,48,0,0,0,0,0,0,0,0,0,0,0,0,0,0,0,0,0,0,0,0,0,0,0,0,0,0,0,0,0,0,0,0,0,0,0,0,0,0,0
20x3,0,0,0,0,80,20,0,0,0,0,0,0,0,0,0,0,0,0,0,0,0,0,0,0,0,0,0,0,0,0,0,0,0,0,0,0,0,0,0,0,0,0,0,0,0,0
24x3,0,0,0,96,72,0,0,0,0,0,0,0,0,0,0,0,0,0,0,0,0,0,0,0,0,0,0,0,0,0,0,0,0,0,0,0,0,0,0,0,0,0,0,0,0,0
28x3,0,21,111,81,33,6,0,0,0,0,0,0,0,0,0,0,0,0,0,0,0,0,0,0,0,0,0,0,0,0,0,0,0,0,0,0,0,0,0,0,0,0,0,0,0,0
32x3,20,56,148,96,32,0,0,0,0,0,0,0,0,0,0,0,0,0,0,0,0,0,0,0,0,0,0,0,0,0,0,0,0,0,0,0,0,0,0,0,0,0,0,0,0,0
36x3,18,153,168,117,9,3,0,0,0,0,0,0,0,0,0,0,0,0,0,0,0,0,0,0,0,0,0,0,0,0,0,0,0,0,0,0,0,0,0,0,0,0,0,0,0,0
40x3,18,189,324,60,9,0,0,0,0,0,0,0,0,0,0,0,0,0,0,0,0,0,0,0,0,0,0,0,0,0,0,0,0,0,0,0,0,0,0,0,0,0,0,0,0,0
44x3,107,291,249,89,12,0,0,0,0,0,0,0,0,0,0,0,0,0,0,0,0,0,0,0,0,0,0,0,0,0,0,0,0,0,0,0,0,0,0,0,0,0,0,0,0,0
48x3,123,402,315,69,3,0,0,0,0,0,0,0,0,0,0,0,0,0,0,0,0,0,0,0,0,0,0,0,0,0,0,0,0,0,0,0,0,0,0,0,0,0,0,0,0,0
52x3,210,498,330,51,3,0,0,0,0,0,0,0,0,0,0,0,0,0,0,0,0,0,0,0,0,0,0,0,0,0,0,0,0,0,0,0,0,0,0,0,0,0,0,0,0,0
56x3,322,623,266,77,0,0,0,0,0,0,0,0,0,0,0,0,0,0,0,0,0,0,0,0,0,0,0,0,0,0,0,0,0,0,0,0,0,0,0,0,0,0,0,0,0,0
60x3,387,717,334,58,4,0,0,0,0,0,0,0,0,0,0,0,0,0,0,0,0,0,0,0,0,0,0,0,0,0,0,0,0,0,0,0,0,0,0,0,0,0,0,0,0,0
64x3,864,0,864,0,0,0,0,0,0,0,0,0,0,0,0,0,0,0,0,0,0,0,0,0,0,0,0,0,0,0,0,0,0,0,0,0,0,0,0,0,0,0,0,0,0,0
68x3,712,839,357,57,7,0,0,0,0,0,0,0,0,0,0,0,0,0,0,0,0,0,0,0,0,0,0,0,0,0,0,0,0,0,0,0,0,0,0,0,0,0,0,0,0,0
72x3,858,924,405,42,3,0,0,0,0,0,0,0,0,0,0,0,0,0,0,0,0,0,0,0,0,0,0,0,0,0,0,0,0,0,0,0,0,0,0,0,0,0,0,0,0,0
76x3,1122,807,528,51,0,0,0,0,0,0,0,0,0,0,0,0,0,0,0,0,0,0,0,0,0,0,0,0,0,0,0,0,0,0,0,0,0,0,0,0,0,0,0,0,0,0
80x3,1320,980,410,90,0,0,0,0,0,0,0,0,0,0,0,0,0,0,0,0,0,0,0,0,0,0,0,0,0,0,0,0,0,0,0,0,0,0,0,0,0,0,0,0,0,0
84x3,1410,1236,417,45,0,0,0,0,0,0,0,0,0,0,0,0,0,0,0,0,0,0,0,0,0,0,0,0,0,0,0,0,0,0,0,0,0,0,0,0,0,0,0,0,0,0
88x3,1830,1002,498,102,0,0,0,0,0,0,0,0,0,0,0,0,0,0,0,0,0,0,0,0,0,0,0,0,0,0,0,0,0,0,0,0,0,0,0,0,0,0,0,0,0,0
92x3,2116,1104,437,92,23,0,0,0,0,0,0,0,0,0,0,0,0,0,0,0,0,0,0,0,0,0,0,0,0,0,0,0,0,0,0,0,0,0,0,0,0,0,0,0,0,0
96x3,2218,1380,470,46,14,0,0,0,0,0,0,0,0,0,0,0,0,0,0,0,0,0,0,0,0,0,0,0,0,0,0,0,0,0,0,0,0,0,0,0,0,0,0,0,0,0
100x3,2447,1520,488,45,0,0,0,0,0,0,0,0,0,0,0,0,0,0,0,0,0,0,0,0,0,0,0,0,0,0,0,0,0,0,0,0,0,0,0,0,0,0,0,0,0,0
104x3,2730,1664,416,78,0,0,0,0,0,0,0,0,0,0,0,0,0,0,0,0,0,0,0,0,0,0,0,0,0,0,0,0,0,0,0,0,0,0,0,0,0,0,0,0,0,0
108x3,3820,700,500,188,68,16,0,0,0,0,0,0,0,0,0,0,0,0,0,0,0,0,0,0,0,0,0,0,0,0,0,0,0,0,0,0,0,0,0,0,0,0,0,0,0,0
112x3,3462,1584,600,60,6,0,0,0,0,0,0,0,0,0,0,0,0,0,0,0,0,0,0,0,0,0,0,0,0,0,0,0,0,0,0,0,0,0,0,0,0,0,0,0,0,0
116x3,3632,2023,454,39,0,0,0,0,0,0,0,0,0,0,0,0,0,0,0,0,0,0,0,0,0,0,0,0,0,0,0,0,0,0,0,0,0,0,0,0,0,0,0,0,0,0
120x3,3938,2202,427,32,1,0,0,0,0,0,0,0,0,0,0,0,0,0,0,0,0,0,0,0,0,0,0,0,0,0,0,0,0,0,0,0,0,0,0,0,0,0,0,0,0,0
124x3,4353,2199,471,45,0,0,0,0,0,0,0,0,0,0,0,0,0,0,0,0,0,0,0,0,0,0,0,0,0,0,0,0,0,0,0,0,0,0,0,0,0,0,0,0,0,0
128x3,6400,0,768,0,384,0,0,0,0,0,0,0,0,0,0,0,0,0,0,0,0,0,0,0,0,0,0,0,0,0,0,0,0,0,0,0,0,0,0,0,0,0,0,0,0,0
132x3,5033,2567,430,20,2,0,0,0,0,0,0,0,0,0,0,0,0,0,0,0,0,0,0,0,0,0,0,0,0,0,0,0,0,0,0,0,0,0,0,0,0,0,0,0,0,0
136x3,6993,399,678,432,60,6,0,0,0,0,0,0,0,0,0,0,0,0,0,0,0,0,0,0,0,0,0,0,0,0,0,0,0,0,0,0,0,0,0,0,0,0,0,0,0,0
140x3,5858,2796,420,26,0,0,0,0,0,0,0,0,0,0,0,0,0,0,0,0,0,0,0,0,0,0,0,0,0,0,0,0,0,0,0,0,0,0,0,0,0,0,0,0,0,0
144x3,6214,3032,389,13,0,0,0,0,0,0,0,0,0,0,0,0,0,0,0,0,0,0,0,0,0,0,0,0,0,0,0,0,0,0,0,0,0,0,0,0,0,0,0,0,0,0
148x3,6714,3048,429,21,0,0,0,0,0,0,0,0,0,0,0,0,0,0,0,0,0,0,0,0,0,0,0,0,0,0,0,0,0,0,0,0,0,0,0,0,0,0,0,0,0,0
152x3,7233,3100,436,23,0,0,0,0,0,0,0,0,0,0,0,0,0,0,0,0,0,0,0,0,0,0,0,0,0,0,0,0,0,0,0,0,0,0,0,0,0,0,0,0,0,0
156x3,8928,1416,708,288,48,0,0,0,0,0,0,0,0,0,0,0,0,0,0,0,0,0,0,0,0,0,0,0,0,0,0,0,0,0,0,0,0,0,0,0,0,0,0,0,0,0
160x3,11520,0,0,0,0,0,480,0,0,0,0,0,0,0,0,0,0,0,0,0,0,0,0,0,0,0,0,0,0,0,0,0,0,0,0,0,0,0,0,0,0,0,0,0,0,0
164x3,8729,3443,437,19,0,0,0,0,0,0,0,0,0,0,0,0,0,0,0,0,0,0,0,0,0,0,0,0,0,0,0,0,0,0,0,0,0,0,0,0,0,0,0,0,0,0
168x3,9261,3567,423,21,0,0,0,0,0,0,0,0,0,0,0,0,0,0,0,0,0,0,0,0,0,0,0,0,0,0,0,0,0,0,0,0,0,0,0,0,0,0,0,0,0,0
172x3,9755,3786,373,17,1,0,0,0,0,0,0,0,0,0,0,0,0,0,0,0,0,0,0,0,0,0,0,0,0,0,0,0,0,0,0,0,0,0,0,0,0,0,0,0,0,0
16x4,0,0,0,0,0,0,0,0,0,0,0,0,24,0,0,0,0,0,0,0,0,0,0,0,0,0,0,0,0,0,0,0,0,0,0,0,0,0,0,0,0,0,0,0,0,0
20x4,0,0,0,0,0,0,0,0,30,40,0,0,0,0,0,0,0,0,0,0,0,0,0,0,0,0,0,0,0,0,0,0,0,0,0,0,0,0,0,0,0,0,0,0,0,0
24x4,0,0,0,0,0,18,60,36,18,0,0,0,0,0,0,0,0,0,0,0,0,0,0,0,0,0,0,0,0,0,0,0,0,0,0,0,0,0,0,0,0,0,0,0,0,0
28x4,0,0,0,0,63,84,36,24,3,0,0,0,0,0,0,0,0,0,0,0,0,0,0,0,0,0,0,0,0,0,0,0,0,0,0,0,0,0,0,0,0,0,0,0,0,0
32x4,0,0,16,58,106,70,38,16,0,0,0,0,0,0,0,0,0,0,0,0,0,0,0,0,0,0,0,0,0,0,0,0,0,0,0,0,0,0,0,0,0,0,0,0,0,0
36x4,0,15,27,111,147,90,24,0,0,0,0,0,0,0,0,0,0,0,0,0,0,0,0,0,0,0,0,0,0,0,0,0,0,0,0,0,0,0,0,0,0,0,0,0,0,0
40x4,0,18,93,189,162,63,12,3,0,0,0,0,0,0,0,0,0,0,0,0,0,0,0,0,0,0,0,0,0,0,0,0,0,0,0,0,0,0,0,0,0,0,0,0,0,0
44x4,8,57,178,215,167,49,8,0,0,0,0,0,0,0,0,0,0,0,0,0,0,0,0,0,0,0,0,0,0,0,0,0,0,0,0,0,0,0,0,0,0,0,0,0,0,0
48x4,18,84,240,297,177,21,3,0,0,0,0,0,0,0,0,0,0,0,0,0,0,0,0,0,0,0,0,0,0,0,0,0,0,0,0,0,0,0,0,0,0,0,0,0,0,0
52x4,27,144,342,366,117,18,0,0,0,0,0,0,0,0,0,0,0,0,0,0,0,0,0,0,0,0,0,0,0,0,0,0,0,0,0,0,0,0,0,0,0,0,0,0,0,0
56x4,61,277,388,324,126,25,2,1,0,0,0,0,0,0,0,0,0,0,0,0,0,0,0,0,0,0,0,0,0,0,0,0,0,0,0,0,0,0,0,0,0,0,0,0,0,0
60x4,50,315,577,317,136,15,0,0,0,0,0,0,0,0,0,0,0,0,0,0,0,0,0,0,0,0,0,0,0,0,0,0,0,0,0,0,0,0,0,0,0,0,0,0,0,0
64x4,192,0,1152,0,288,0,0,0,0,0,0,0,0,0,0,0,0,0,0,0,0,0,0,0,0,0,0,0,0,0,0,0,0,0,0,0,0,0,0,0,0,0,0,0,0,0
68x4,191,572,663,341,85,18,0,0,0,0,0,0,0,0,0,0,0,0,0,0,0,0,0,0,0,0,0,0,0,0,0,0,0,0,0,0,0,0,0,0,0,0,0,0,0,0
72x4,264,723,705,321,96,15,0,0,0,0,0,0,0,0,0,0,0,0,0,0,0,0,0,0,0,0,0,0,0,0,0,0,0,0,0,0,0,0,0,0,0,0,0,0,0,0
76x4,348,741,840,357,108,0,0,0,0,0,0,0,0,0,0,0,0,0,0,0,0,0,0,0,0,0,0,0,0,0,0,0,0,0,0,0,0,0,0,0,0,0,0,0,0,0
80x4,407,1006,861,338,59,6,3,0,0,0,0,0,0,0,0,0,0,0,0,0,0,0,0,0,0,0,0,0,0,0,0,0,0,0,0,0,0,0,0,0,0,0,0,0,0,0
84x4,561,1092,912,360,51,6,0,0,0,0,0,0,0,0,0,0,0,0,0,0,0,0,0,0,0,0,0,0,0,0,0,0,0,0,0,0,0,0,0,0,0,0,0,0,0,0
88x4,717,1125,1011,375,69,3,0,0,0,0,0,0,0,0,0,0,0,0,0,0,0,0,0,0,0,0,0,0,0,0,0,0,0,0,0,0,0,0,0,0,0,0,0,0,0,0
92x4,1127,1357,759,207,69,69,23,23,0,0,0,0,0,0,0,0,0,0,0,0,0,0,0,0,0,0,0,0,0,0,0,0,0,0,0,0,0,0,0,0,0,0,0,0,0,0
96x4,1258,1336,932,256,164,0,28,0,10,0,0,0,0,0,0,0,0,0,0,0,0,0,0,0,0,0,0,0,0,0,0,0,0,0,0,0,0,0,0,0,0,0,0,0,0,0
100x4,1047,1880,1060,313,42,7,1,0,0,0,0,0,0,0,0,0,0,0,0,0,0,0,0,0,0,0,0,0,0,0,0,0,0,0,0,0,0,0,0,0,0,0,0,0,0,0
104x4,1144,2080,1144,364,0,0,0,0,0,0,0,0,0,0,0,0,0,0,0,0,0,0,0,0,0,0,0,0,0,0,0,0,0,0,0,0,0,0,0,0,0,0,0,0,0,0
108x4,3198,920,264,212,240,168,100,28,0,0,0,0,0,0,0,0,0,0,0,0,0,0,0,0,0,0,0,0,0,0,0,0,0,0,0,0,0,0,0,0,0,0,0,0,0,0
112x4,1752,2184,1233,321,51,3,0,0,0,0,0,0,0,0,0,0,0,0,0,0,0,0,0,0,0,0,0,0,0,0,0,0,0,0,0,0,0,0,0,0,0,0,0,0,0,0
116x4,2004,2407,1196,326,39,2,0,0,0,0,0,0,0,0,0,0,0,0,0,0,0,0,0,0,0,0,0,0,0,0,0,0,0,0,0,0,0,0,0,0,0,0,0,0,0,0
120x4,2177,2720,1189,304,28,2,0,0,0,0,0,0,0,0,0,0,0,0,0,0,0,0,0,0,0,0,0,0,0,0,0,0,0,0,0,0,0,0,0,0,0,0,0,0,0,0
124x4,2715,2313,1491,303,60,0,0,0,0,0,0,0,0,0,0,0,0,0,0,0,0,0,0,0,0,0,0,0,0,0,0,0,0,0,0,0,0,0,0,0,0,0,0,0,0,0
128x4,6208,0,0,0,960,0,0,0,192,0,0,0,0,0,0,0,0,0,0,0,0,0,0,0,0,0,0,0,0,0,0,0,0,0,0,0,0,0,0,0,0,0,0,0,0,0
132x4,2967,3268,1340,247,30,2,0,0,0,0,0,0,0,0,0,0,0,0,0,0,0,0,0,0,0,0,0,0,0,0,0,0,0,0,0,0,0,0,0,0,0,0,0,0,0,0
136x4,6939,0,0,378,666,219,114,21,27,0,0,0,0,0,0,0,0,0,0,0,0,0,0,0,0,0,0,0,0,0,0,0,0,0,0,0,0,0,0,0,0,0,0,0,0,0
140x4,3594,3648,1361,259,27,1,0,0,0,0,0,0,0,0,0,0,0,0,0,0,0,0,0,0,0,0,0,0,0,0,0,0,0,0,0,0,0,0,0,0,0,0,0,0,0,0
144x4,3859,3929,1377,245,22,0,0,0,0,0,0,0,0,0,0,0,0,0,0,0,0,0,0,0,0,0,0,0,0,0,0,0,0,0,0,0,0,0,0,0,0,0,0,0,0,0
148x4,4491,3810,1386,249,48,6,0,0,0,0,0,0,0,0,0,0,0,0,0,0,0,0,0,0,0,0,0,0,0,0,0,0,0,0,0,0,0,0,0,0,0,0,0,0,0,0
152x4,4665,4162,1467,252,16,2,0,0,0,0,0,0,0,0,0,0,0,0,0,0,0,0,0,0,0,0,0,0,0,0,0,0,0,0,0,0,0,0,0,0,0,0,0,0,0,0
156x4,7986,1344,672,432,576,96,48,0,0,0,0,0,0,0,0,0,0,0,0,0,0,0,0,0,0,0,0,0,0,0,0,0,0,0,0,0,0,0,0,0,0,0,0,0,0,0
160x4,11520,0,0,0,0,0,0,0,0,0,0,0,240,0,0,0,0,0,0,0,0,0,0,0,0,0,0,0,0,0,0,0,0,0,0,0,0,0,0,0,0,0,0,0,0,0
164x4,5734,4951,1467,214,15,1,0,0,0,0,0,0,0,0,0,0,0,0,0,0,0,0,0,0,0,0,0,0,0,0,0,0,0,0,0,0,0,0,0,0,0,0,0,0,0,0
168x4,6303,4967,1493,233,24,0,0,0,0,0,0,0,0,0,0,0,0,0,0,0,0,0,0,0,0,0,0,0,0,0,0,0,0,0,0,0,0,0,0,0,0,0,0,0,0,0
172x4,6547,5445,1513,159,10,0,0,0,0,0,0,0,0,0,0,0,0,0,0,0,0,0,0,0,0,0,0,0,0,0,0,0,0,0,0,0,0,0,0,0,0,0,0,0,0,0
16x5,0,0,0,0,0,0,0,0,0,0,0,0,0,0,0,0,0,0,0,0,0,0,0,0,0,0,0,0,0,0,0,0,0,0,0,0,0,0,0,0,0,0,0,0,0,0
20x5,0,0,0,0,0,0,0,0,0,0,0,0,0,0,0,40,0,0,0,0,0,0,0,0,0,0,0,0,0,0,0,0,0,0,0,0,0,0,0,0,0,0,0,0,0,0
24x5,0,0,0,0,0,0,0,0,0,0,72,0,24,0,0,0,0,0,0,0,0,0,0,0,0,0,0,0,0,0,0,0,0,0,0,0,0,0,0,0,0,0,0,0,0,0
28x5,0,0,0,0,0,0,0,15,69,60,21,3,0,0,0,0,0,0,0,0,0,0,0,0,0,0,0,0,0,0,0,0,0,0,0,0,0,0,0,0,0,0,0,0,0,0
32x5,0,0,0,0,6,24,36,72,84,28,6,0,0,0,0,0,0,0,0,0,0,0,0,0,0,0,0,0,0,0,0,0,0,0,0,0,0,0,0,0,0,0,0,0,0,0
36x5,0,0,0,0,30,75,93,93,57,12,0,0,0,0,0,0,0,0,0,0,0,0,0,0,0,0,0,0,0,0,0,0,0,0,0,0,0,0,0,0,0,0,0,0,0,0
40x5,0,0,0,12,63,153,147,72,27,6,0,0,0,0,0,0,0,0,0,0,0,0,0,0,0,0,0,0,0,0,0,0,0,0,0,0,0,0,0,0,0,0,0,0,0,0
44x5,0,2,19,74,132,176,139,59,13,2,0,0,0,0,0,0,0,0,0,0,0,0,0,0,0,0,0,0,0,0,0,0,0,0,0,0,0,0,0,0,0,0,0,0,0,0
48x5,0,6,36,141,219,171,138,51,6,0,0,0,0,0,0,0,0,0,0,0,0,0,0,0,0,0,0,0,0,0,0,0,0,0,0,0,0,0,0,0,0,0,0,0,0,0
52x5,6,6,96,204,234,264,96,30,0,0,0,0,0,0,0,0,0,0,0,0,0,0,0,0,0,0,0,0,0,0,0,0,0,0,0,0,0,0,0,0,0,0,0,0,0,0
56x5,5,50,161,281,310,209,83,17,4,0,0,0,0,0,0,0,0,0,0,0,0,0,0,0,0,0,0,0,0,0,0,0,0,0,0,0,0,0,0,0,0,0,0,0,0,0
60x5,7,68,233,395,354,174,73,14,2,0,0,0,0,0,0,0,0,0,0,0,0,0,0,0,0,0,0,0,0,0,0,0,0,0,0,0,0,0,0,0,0,0,0,0,0,0
64x5,96,0,0,0,1440,0,0,0,0,0,0,0,0,0,0,0,0,0,0,0,0,0,0,0,0,0,0,0,0,0,0,0,0,0,0,0,0,0,0,0,0,0,0,0,0,0
68x5,29,177,449,551,343,169,44,4,2,0,0,0,0,0,0,0,0,0,0,0,0,0,0,0,0,0,0,0,0,0,0,0,0,0,0,0,0,0,0,0,0,0,0,0,0,0
72x5,27,270,522,609,417,126,39,6,0,0,0,0,0,0,0,0,0,0,0,0,0,0,0,0,0,0,0,0,0,0,0,0,0,0,0,0,0,0,0,0,0,0,0,0,0,0
76x5,138,438,600,510,324,141,117,0,12,0,0,0,0,0,0,0,0,0,0,0,0,0,0,0,0,0,0,0,0,0,0,0,0,0,0,0,0,0,0,0,0,0,0,0,0,0
80x5,83,488,800,680,349,124,30,6,0,0,0,0,0,0,0,0,0,0,0,0,0,0,0,0,0,0,0,0,0,0,0,0,0,0,0,0,0,0,0,0,0,0,0,0,0,0
84x5,144,525,930,747,396,93,18,3,0,0,0,0,0,0,0,0,0,0,0,0,0,0,0,0,0,0,0,0,0,0,0,0,0,0,0,0,0,0,0,0,0,0,0,0,0,0
88x5,183,603,1020,828,423,99,9,3,0,0,0,0,0,0,0,0,0,0,0,0,0,0,0,0,0,0,0,0,0,0,0,0,0,0,0,0,0,0,0,0,0,0,0,0,0,0
92x5,483,782,1472,299,299,0,46,46,23,23,23,0,0,0,0,0,0,0,0,0,0,0,0,0,0,0,0,0,0,0,0,0,0,0,0,0,0,0,0,0,0,0,0,0,0,0
96x5,412,994,1197,726,347,102,30,14,15,2,1,0,0,0,0,0,0,0,0,0,0,0,0,0,0,0,0,0,0,0,0,0,0,0,0,0,0,0,0,0,0,0,0,0,0,0
100x5,420,1159,1326,868,339,74,10,4,0,0,0,0,0,0,0,0,0,0,0,0,0,0,0,0,0,0,0,0,0,0,0,0,0,0,0,0,0,0,0,0,0,0,0,0,0,0
104x5,338,1326,1690,858,286,78,0,0,0,0,0,0,0,0,0,0,0,0,0,0,0,0,0,0,0,0,0,0,0,0,0,0,0,0,0,0,0,0,0,0,0,0,0,0,0,0
108x5,2604,1200,480,0,48,100,156,164,120,64,32,0,0,0,0,0,0,0,0,0,0,0,0,0,0,0,0,0,0,0,0,0,0,0,0,0,0,0,0,0,0,0,0,0,0,0
112x5,735,1671,1716,834,315,90,15,0,0,0,0,0,0,0,0,0,0,0,0,0,0,0,0,0,0,0,0,0,0,0,0,0,0,0,0,0,0,0,0,0,0,0,0,0,0,0
116x5,862,1868,1818,925,278,44,4,1,0,0,0,0,0,0,0,0,0,0,0,0,0,0,0,0,0,0,0,0,0,0,0,0,0,0,0,0,0,0,0,0,0,0,0,0,0,0
120x5,948,2198,1847,908,289,46,4,0,0,0,0,0,0,0,0,0,0,0,0,0,0,0,0,0,0,0,0,0,0,0,0,0,0,0,0,0,0,0,0,0,0,0,0,0,0,0
124x5,1104,2208,2097,885,351,48,3,0,0,0,0,0,0,0,0,0,0,0,0,0,0,0,0,0,0,0,0,0,0,0,0,0,0,0,0,0,0,0,0,0,0,0,0,0,0,0
128x5,6144,0,0,0,0,0,448,0,384,0,192,0,0,0,0,0,0,0,0,0,0,0,0,0,0,0,0,0,0,0,0,0,0,0,0,0,0,0,0,0,0,0,0,0,0,0
132x5,1482,2809,2164,925,229,40,7,0,0,0,0,0,0,0,0,0,0,0,0,0,0,0,0,0,0,0,0,0,0,0,0,0,0,0,0,0,0,0,0,0,0,0,0,0,0,0
136x5,6912,0,0,0,27,189,486,123,258,60,102,3,0,0,0,0,0,0,0,0,0,0,0,0,0,0,0,0,0,0,0,0,0,0,0,0,0,0,0,0,0,0,0,0,0,0
140x5,1743,3379,2414,935,189,17,3,0,0,0,0,0,0,0,0,0,0,0,0,0,0,0,0,0,0,0,0,0,0,0,0,0,0,0,0,0,0,0,0,0,0,0,0,0,0,0
144x5,1996,3561,2565,879,191,23,1,0,0,0,0,0,0,0,0,0,0,0,0,0,0,0,0,0,0,0,0,0,0,0,0,0,0,0,0,0,0,0,0,0,0,0,0,0,0,0
148x5,2439,3726,2538,825,192,48,0,0,0,0,0,0,0,0,0,0,0,0,0,0,0,0,0,0,0,0,0,0,0,0,0,0,0,0,0,0,0,0,0,0,0,0,0,0,0,0
152x5,2524,4054,2668,865,196,26,2,1,0,0,0,0,0,0,0,0,0,0,0,0,0,0,0,0,0,0,0,0,0,0,0,0,0,0,0,0,0,0,0,0,0,0,0,0,0,0
156x5,7164,1584,516,240,336,336,504,216,24,0,0,0,0,0,0,0,0,0,0,0,0,0,0,0,0,0,0,0,0,0,0,0,0,0,0,0,0,0,0,0,0,0,0,0,0,0
160x5,11520,0,0,0,0,0,0,0,0,0,0,0,0,0,0,0,0,0,0,0,0,0,0,0,0,0,0,0,0,0,0,0,0,0,0,0,0,0,0,0,0,0,0,0,0,0
164x5,3365,4850,2842,905,150,22,2,0,0,0,0,0,0,0,0,0,0,0,0,0,0,0,0,0,0,0,0,0,0,0,0,0,0,0,0,0,0,0,0,0,0,0,0,0,0,0
168x5,3606,5141,3017,844,141,18,1,0,0,0,0,0,0,0,0,0,0,0,0,0,0,0,0,0,0,0,0,0,0,0,0,0,0,0,0,0,0,0,0,0,0,0,0,0,0,0
172x5,3920,5613,2886,840,141,15,1,0,0,0,0,0,0,0,0,0,0,0,0,0,0,0,0,0,0,0,0,0,0,0,0,0,0,0,0,0,0,0,0,0,0,0,0,0,0,0
16x6,0,0,0,0,0,0,0,0,0,0,0,0,0,0,0,0,0,0,0,0,0,0,0,0,0,0,0,0,0,0,0,0,0,0,0,0,0,0,0,0,0,0,0,0,0,0
20x6,0,0,0,0,0,0,0,0,0,0,0,0,0,0,0,32,0,0,0,0,0,0,0,0,0,0,0,0,0,0,0,0,0,0,0,0,0,0,0,0,0,0,0,0,0,0
24x6,0,0,0,0,0,0,0,0,0,0,0,0,0,0,0,24,36,0,0,0,0,0,0,0,0,0,0,0,0,0,0,0,0,0,0,0,0,0,0,0,0,0,0,0,0,0
28x6,0,0,0,0,0,0,0,0,0,0,0,0,36,72,18,0,0,0,0,0,0,0,0,0,0,0,0,0,0,0,0,0,0,0,0,0,0,0,0,0,0,0,0,0,0,0
32x6,0,0,0,0,0,0,0,0,20,12,60,44,56,16,0,0,0,0,0,0,0,0,0,0,0,0,0,0,0,0,0,0,0,0,0,0,0,0,0,0,0,0,0,0,0,0
36x6,0,0,0,0,0,0,3,12,60,72,90,51,18,0,0,0,0,0,0,0,0,0,0,0,0,0,0,0,0,0,0,0,0,0,0,0,0,0,0,0,0,0,0,0,0,0
40x6,0,0,0,0,9,0,18,72,135,63,63,54,6,0,0,0,0,0,0,0,0,0,0,0,0,0,0,0,0,0,0,0,0,0,0,0,0,0,0,0,0,0,0,0,0,0
44x6,0,0,2,1,10,41,105,141,137,74,37,2,0,0,0,0,0,0,0,0,0,0,0,0,0,0,0,0,0,0,0,0,0,0,0,0,0,0,0,0,0,0,0,0,0,0
48x6,0,0,3,3,42,126,144,177,117,57,18,9,0,0,0,0,0,0,0,0,0,0,0,0,0,0,0,0,0,0,0,0,0,0,0,0,0,0,0,0,0,0,0,0,0,0
52x6,0,0,9,33,78,162,231,180,123,42,0,0,0,0,0,0,0,0,0,0,0,0,0,0,0,0,0,0,0,0,0,0,0,0,0,0,0,0,0,0,0,0,0,0,0,0
56x6,0,2,18,73,171,236,262,175,59,33,5,1,1,0,0,0,0,0,0,0,0,0,0,0,0,0,0,0,0,0,0,0,0,0,0,0,0,0,0,0,0,0,0,0,0,0
60x6,0,4,22,113,241,333,260,161,74,17,5,0,0,0,0,0,0,0,0,0,0,0,0,0,0,0,0,0,0,0,0,0,0,0,0,0,0,0,0,0,0,0,0,0,0,0
64x6,0,0,96,0,768,0,192,0,384,0,0,0,0,0,0,0,0,0,0,0,0,0,0,0,0,0,0,0,0,0,0,0,0,0,0,0,0,0,0,0,0,0,0,0,0,0
68x6,2,28,113,284,425,415,250,117,25,6,1,0,0,0,0,0,0,0,0,0,0,0,0,0,0,0,0,0,0,0,0,0,0,0,0,0,0,0,0,0,0,0,0,0,0,0
72x6,9,75,195,345,513,426,201,114,21,6,3,0,0,0,0,0,0,0,0,0,0,0,0,0,0,0,0,0,0,0,0,0,0,0,0,0,0,0,0,0,0,0,0,0,0,0
76x6,21,105,324,459,486,354,246,117,42,9,3,0,0,0,0,0,0,0,0,0,0,0,0,0,0,0,0,0,0,0,0,0,0,0,0,0,0,0,0,0,0,0,0,0,0,0
80x6,18,96,338,596,741,392,182,68,7,2,0,0,0,0,0,0,0,0,0,0,0,0,0,0,0,0,0,0,0,0,0,0,0,0,0,0,0,0,0,0,0,0,0,0,0,0
84x6,27,138,468,651,786,414,180,51,12,3,0,0,0,0,0,0,0,0,0,0,0,0,0,0,0,0,0,0,0,0,0,0,0,0,0,0,0,0,0,0,0,0,0,0,0,0
88x6,21,198,558,810,726,453,180,75,15,0,0,0,0,0,0,0,0,0,0,0,0,0,0,0,0,0,0,0,0,0,0,0,0,0,0,0,0,0,0,0,0,0,0,0,0,0
92x6,276,299,506,1334,483,184,115,0,23,69,0,23,23,23,0,0,0,0,0,0,0,0,0,0,0,0,0,0,0,0,0,0,0,0,0,0,0,0,0,0,0,0,0,0,0,0
96x6,109,340,1058,848,760,236,244,32,53,0,14,0,2,0,0,0,0,0,0,0,0,0,0,0,0,0,0,0,0,0,0,0,0,0,0,0,0,0,0,0,0,0,0,0,0,0
100x6,107,525,1003,1082,764,372,153,35,9,0,0,0,0,0,0,0,0,0,0,0,0,0,0,0,0,0,0,0,0,0,0,0,0,0,0,0,0,0,0,0,0,0,0,0,0,0
104x6,156,416,1300,1144,806,468,130,0,0,0,0,0,0,0,0,0,0,0,0,0,0,0,0,0,0,0,0,0,0,0,0,0,0,0,0,0,0,0,0,0,0,0,0,0,0,0
108x6,1962,1368,936,0,0,0,0,16,72,136,96,104,72,24,20,0,0,0,0,0,0,0,0,0,0,0,0,0,0,0,0,0,0,0,0,0,0,0,0,0,0,0,0,0,0,0
112x6,198,969,1488,1269,816,318,123,24,3,0,0,0,0,0,0,0,0,0,0,0,0,0,0,0,0,0,0,0,0,0,0,0,0,0,0,0,0,0,0,0,0,0,0,0,0,0
116x6,303,1016,1646,1438,834,310,65,9,5,0,0,0,0,0,0,0,0,0,0,0,0,0,0,0,0,0,0,0,0,0,0,0,0,0,0,0,0,0,0,0,0,0,0,0,0,0
120x6,367,1194,1797,1545,782,292,76,6,1,0,0,0,0,0,0,0,0,0,0,0,0,0,0,0,0,0,0,0,0,0,0,0,0,0,0,0,0,0,0,0,0,0,0,0,0,0
124x6,369,1329,1977,1539,819,378,84,12,3,0,0,0,0,0,0,0,0,0,0,0,0,0,0,0,0,0,0,0,0,0,0,0,0,0,0,0,0,0,0,0,0,0,0,0,0,0
128x6,6144,0,0,0,0,0,0,0,0,0,384,0,256,0,192,0,0,0,0,0,0,0,0,0,0,0,0,0,0,0,0,0,0,0,0,0,0,0,0,0,0,0,0,0,0,0
132x6,611,1740,2281,1762,780,245,36,3,0,0,0,0,0,0,0,0,0,0,0,0,0,0,0,0,0,0,0,0,0,0,0,0,0,0,0,0,0,0,0,0,0,0,0,0,0,0
136x6,6912,0,0,0,0,0,0,0,243,243,81,162,225,72,18,0,0,0,0,0,0,0,0,0,0,0,0,0,0,0,0,0,0,0,0,0,0,0,0,0,0,0,0,0,0,0
140x6,792,2280,2642,1730,757,218,46,4,1,0,0,0,0,0,0,0,0,0,0,0,0,0,0,0,0,0,0,0,0,0,0,0,0,0,0,0,0,0,0,0,0,0,0,0,0,0
144x6,896,2421,2865,1828,769,177,42,2,0,0,0,0,0,0,0,0,0,0,0,0,0,0,0,0,0,0,0,0,0,0,0,0,0,0,0,0,0,0,0,0,0,0,0,0,0,0
148x6,990,2691,3159,1860,645,165,30,6,0,0,0,0,0,0,0,0,0,0,0,0,0,0,0,0,0,0,0,0,0,0,0,0,0,0,0,0,0,0,0,0,0,0,0,0,0,0
152x6,1172,2880,3258,1890,711,164,28,5,0,0,0,0,0,0,0,0,0,0,0,0,0,0,0,0,0,0,0,0,0,0,0,0,0,0,0,0,0,0,0,0,0,0,0,0,0,0
156x6,6354,2088,576,12,168,252,144,396,204,360,96,24,12,0,0,0,0,0,0,0,0,0,0,0,0,0,0,0,0,0,0,0,0,0,0,0,0,0,0,0,0,0,0,0,0,0
160x6,5376,4608,1296,0,0,0,0,0,0,0,0,0,0,0,0,0,0,0,0,0,0,0,0,0,0,0,0,0,0,0,0,0,0,0,0,0,0,0,0,0,0,0,0,0,0,0
164x6,1601,3820,3656,2016,634,138,22,3,0,0,0,0,0,0,0,0,0,0,0,0,0,0,0,0,0,0,0,0,0,0,0,0,0,0,0,0,0,0,0,0,0,0,0,0,0,0
168x6,1839,4086,3794,1971,667,133,22,3,1,0,0,0,0,0,0,0,0,0,0,0,0,0,0,0,0,0,0,0,0,0,0,0,0,0,0,0,0,0,0,0,0,0,0,0,0,0
172x6,1943,4534,4021,1927,596,115,20,2,0,0,0,0,0,0,0,0,0,0,0,0,0,0,0,0,0,0,0,0,0,0,0,0,0,0,0,0,0,0,0,0,0,0,0,0,0,0
16x7,0,0,0,0,0,0,0,0,0,0,0,0,0,0,0,0,0,0,0,0,0,0,0,0,0,0,0,0,0,0,0,0,0,0,0,0,0,0,0,0,0,0,0,0,0,0
20x7,0,0,0,0,0,0,0,0,0,0,0,0,0,0,0,7,14,0,0,0,0,0,0,0,0,0,0,0,0,0,0,0,0,0,0,0,0,0,0,0,0,0,0,0,0,0
24x7,0,0,0,0,0,0,0,0,0,0,0,0,0,0,0,0,0,0,0,0,0,24,0,0,0,0,0,0,0,0,0,0,0,0,0,0,0,0,0,0,0,0,0,0,0,0
28x7,0,0,0,0,0,0,0,0,0,0,0,0,0,0,0,0,0,0,84,0,0,0,0,0,0,0,0,0,0,0,0,0,0,0,0,0,0,0,0,0,0,0,0,0,0,0
32x7,0,0,0,0,0,0,0,0,0,0,0,0,0,0,60,24,52,16,8,0,0,0,0,0,0,0,0,0,0,0,0,0,0,0,0,0,0,0,0,0,0,0,0,0,0,0
36x7,0,0,0,0,0,0,0,0,0,0,3,27,57,81,54,24,6,0,0,0,0,0,0,0,0,0,0,0,0,0,0,0,0,0,0,0,0,0,0,0,0,0,0,0,0,0
40x7,0,0,0,0,0,0,0,0,0,18,51,78,111,66,24,9,3,0,0,0,0,0,0,0,0,0,0,0,0,0,0,0,0,0,0,0,0,0,0,0,0,0,0,0,0,0
44x7,0,0,0,0,1,1,3,12,42,79,142,110,63,28,3,0,0,0,0,0,0,0,0,0,0,0,0,0,0,0,0,0,0,0,0,0,0,0,0,0,0,0,0,0,0,0
48x7,0,0,0,0,0,6,27,63,117,153,111,96,39,9,0,3,0,0,0,0,0,0,0,0,0,0,0,0,0,0,0,0,0,0,0,0,0,0,0,0,0,0,0,0,0,0
52x7,0,0,0,0,3,6,69,108,195,231,102,39,27,0,0,0,0,0,0,0,0,0,0,0,0,0,0,0,0,0,0,0,0,0,0,0,0,0,0,0,0,0,0,0,0,0
56x7,0,0,1,1,21,61,132,236,219,158,75,37,10,1,0,0,0,0,0,0,0,0,0,0,0,0,0,0,0,0,0,0,0,0,0,0,0,0,0,0,0,0,0,0,0,0
60x7,0,1,1,7,58,102,208,265,250,145,70,22,9,2,0,0,0,0,0,0,0,0,0,0,0,0,0,0,0,0,0,0,0,0,0,0,0,0,0,0,0,0,0,0,0,0
64x7,0,0,0,0,0,0,768,0,0,0,576,0,0,0,0,0,0,0,0,0,0,0,0,0,0,0,0,0,0,0,0,0,0,0,0,0,0,0,0,0,0,0,0,0,0,0
68x7,0,2,11,58,185,277,381,300,199,114,27,9,1,0,0,0,0,0,0,0,0,0,0,0,0,0,0,0,0,0,0,0,0,0,0,0,0,0,0,0,0,0,0,0,0,0
72x7,0,3,24,87,234,354,459,348,207,60,21,3,0,0,0,0,0,0,0,0,0,0,0,0,0,0,0,0,0,0,0,0,0,0,0,0,0,0,0,0,0,0,0,0,0,0
76x7,3,15,84,174,405,408,345,297,207,75,33,6,0,0,0,0,0,0,0,0,0,0,0,0,0,0,0,0,0,0,0,0,0,0,0,0,0,0,0,0,0,0,0,0,0,0
80x7,6,10,96,252,446,536,506,268,132,42,24,2,0,0,0,0,0,0,0,0,0,0,0,0,0,0,0,0,0,0,0,0,0,0,0,0,0,0,0,0,0,0,0,0,0,0
84x7,3,15,111,288,603,588,561,312,90,30,3,0,0,0,0,0,0,0,0,0,0,0,0,0,0,0,0,0,0,0,0,0,0,0,0,0,0,0,0,0,0,0,0,0,0,0
88x7,0,33,162,417,642,702,498,264,135,39,9,3,0,0,0,0,0,0,0,0,0,0,0,0,0,0,0,0,0,0,0,0,0,0,0,0,0,0,0,0,0,0,0,0,0,0
92x7,184,69,207,506,1035,598,322,46,69,23,0,69,23,0,23,23,23,0,0,0,0,0,0,0,0,0,0,0,0,0,0,0,0,0,0,0,0,0,0,0,0,0,0,0,0,0
96x7,58,76,372,692,923,584,437,152,74,132,19,14,9,6,0,4,0,0,0,0,0,0,0,0,0,0,0,0,0,0,0,0,0,0,0,0,0,0,0,0,0,0,0,0,0,0
100x7,33,158,469,792,921,775,450,209,68,22,3,0,0,0,0,0,0,0,0,0,0,0,0,0,0,0,0,0,0,0,0,0,0,0,0,0,0,0,0,0,0,0,0,0,0,0
104x7,26,130,286,1248,1092,858,403,156,52,0,13,0,0,0,0,0,0,0,0,0,0,0,0,0,0,0,0,0,0,0,0,0,0,0,0,0,0,0,0,0,0,0,0,0,0,0
108x7,1332,1296,1620,0,0,0,0,0,0,0,0,0,20,140,116,24,72,0,24,0,0,0,0,0,0,0,0,0,0,0,0,0,0,0,0,0,0,0,0,0,0,0,0,0,0,0
112x7,24,315,1032,1254,1089,771,357,141,39,18,0,0,0,0,0,0,0,0,0,0,0,0,0,0,0,0,0,0,0,0,0,0,0,0,0,0,0,0,0,0,0,0,0,0,0,0
116x7,81,382,975,1357,1327,827,361,107,29,6,0,0,0,0,0,0,0,0,0,0,0,0,0,0,0,0,0,0,0,0,0,0,0,0,0,0,0,0,0,0,0,0,0,0,0,0
120x7,107,485,1169,1528,1313,827,345,77,23,6,0,0,0,0,0,0,0,0,0,0,0,0,0,0,0,0,0,0,0,0,0,0,0,0,0,0,0,0,0,0,0,0,0,0,0,0
124x7,75,480,1242,1767,1401,813,438,87,21,0,0,0,0,0,0,0,0,0,0,0,0,0,0,0,0,0,0,0,0,0,0,0,0,0,0,0,0,0,0,0,0,0,0,0,0,0
128x7,6144,0,0,0,0,0,0,0,0,0,0,0,0,0,192,0,0,0,448,0,0,0,0,0,0,0,0,0,0,0,0,0,0,0,0,0,0,0,0,0,0,0,0,0,0,0
132x7,178,845,1681,1942,1512,718,295,71,14,4,0,0,0,0,0,0,0,0,0,0,0,0,0,0,0,0,0,0,0,0,0,0,0,0,0,0,0,0,0,0,0,0,0,0,0,0
136x7,6912,0,0,0,0,0,0,0,0,0,0,0,324,0,0,189,162,81,84,0,0,0,0,0,0,0,0,0,0,0,0,0,0,0,0,0,0,0,0,0,0,0,0,0,0,0
140x7,273,1124,2104,2227,1506,715,235,63,12,1,0,0,0,0,0,0,0,0,0,0,0,0,0,0,0,0,0,0,0,0,0,0,0,0,0,0,0,0,0,0,0,0,0,0,0,0
144x7,357,1339,2260,2295,1572,664,225,55,15,2,0,0,0,0,0,0,0,0,0,0,0,0,0,0,0,0,0,0,0,0,0,0,0,0,0,0,0,0,0,0,0,0,0,0,0,0
148x7,366,1479,2427,2550,1584,669,207,33,9,0,0,0,0,0,0,0,0,0,0,0,0,0,0,0,0,0,0,0,0,0,0,0,0,0,0,0,0,0,0,0,0,0,0,0,0,0
152x7,416,1639,2719,2631,1612,649,163,48,3,0,0,0,0,0,0,0,0,0,0,0,0,0,0,0,0,0,0,0,0,0,0,0,0,0,0,0,0,0,0,0,0,0,0,0,0,0
156x7,5508,2448,1044,0,0,0,72,120,180,312,192,336,96,120,24,0,0,0,0,0,0,0,0,0,0,0,0,0,0,0,0,0,0,0,0,0,0,0,0,0,0,0,0,0,0,0
160x7,5376,0,4608,0,576,0,480,0,0,0,0,0,0,0,0,0,0,0,0,0,0,0,0,0,0,0,0,0,0,0,0,0,0,0,0,0,0,0,0,0,0,0,0,0,0,0
164x7,679,2347,3378,2907,1584,554,162,29,4,0,0,0,0,0,0,0,0,0,0,0,0,0,0,0,0,0,0,0,0,0,0,0,0,0,0,0,0,0,0,0,0,0,0,0,0,0
168x7,816,2577,3617,2973,1540,547,155,34,5,0,0,0,0,0,0,0,0,0,0,0,0,0,0,0,0,0,0,0,0,0,0,0,0,0,0,0,0,0,0,0,0,0,0,0,0,0
172x7,860,2833,3943,3120,1478,526,115,18,7,0,0,0,0,0,0,0,0,0,0,0,0,0,0,0,0,0,0,0,0,0,0,0,0,0,0,0,0,0,0,0,0,0,0,0,0,0
16x8,0,0,0,0,0,0,0,0,0,0,0,0,0,0,0,0,0,0,0,0,0,0,0,0,0,0,0,0,0,0,0,0,0,0,0,0,0,0,0,0,0,0,0,0,0,0
20x8,0,0,0,0,0,0,0,0,0,0,0,0,0,0,0,1,12,4,0,0,0,0,0,0,0,0,0,0,0,0,0,0,0,0,0,0,0,0,0,0,0,0,0,0,0,0
24x8,0,0,0,0,0,0,0,0,0,0,0,0,0,0,0,0,0,0,0,0,0,21,0,0,0,0,0,0,0,0,0,0,0,0,0,0,0,0,0,0,0,0,0,0,0,0
28x8,0,0,0,0,0,0,0,0,0,0,0,0,0,0,0,0,0,0,0,0,0,0,0,0,42,0,0,0,0,0,0,0,0,0,0,0,0,0,0,0,0,0,0,0,0,0
32x8,0,0,0,0,0,0,0,0,0,0,0,0,0,0,0,0,0,0,0,0,80,0,32,0,0,0,0,0,0,0,0,0,0,0,0,0,0,0,0,0,0,0,0,0,0,0
36x8,0,0,0,0,0,0,0,0,0,0,0,0,0,0,0,0,48,42,51,36,18,0,3,0,0,0,0,0,0,0,0,0,0,0,0,0,0,0,0,0,0,0,0,0,0,0
40x8,0,0,0,0,0,0,0,0,0,0,0,0,0,12,42,90,108,33,15,0,0,0,0,0,0,0,0,0,0,0,0,0,0,0,0,0,0,0,0,0,0,0,0,0,0,0
44x8,0,0,0,0,0,0,0,0,1,1,7,22,56,102,115,76,30,7,1,0,0,0,0,0,0,0,0,0,0,0,0,0,0,0,0,0,0,0,0,0,0,0,0,0,0,0
48x8,0,0,0,0,0,0,0,0,0,15,72,84,132,108,81,42,15,3,0,0,0,0,0,0,0,0,0,0,0,0,0,0,0,0,0,0,0,0,0,0,0,0,0,0,0,0
52x8,0,0,0,0,0,0,0,3,24,57,156,144,135,108,60,9,6,0,0,0,0,0,0,0,0,0,0,0,0,0,0,0,0,0,0,0,0,0,0,0,0,0,0,0,0,0
56x8,0,0,0,0,2,2,10,36,84,146,182,178,124,74,26,2,2,0,0,0,0,0,0,0,0,0,0,0,0,0,0,0,0,0,0,0,0,0,0,0,0,0,0,0,0,0
60x8,0,0,0,0,1,10,51,89,134,217,213,186,92,36,19,1,1,0,0,0,0,0,0,0,0,0,0,0,0,0,0,0,0,0,0,0,0,0,0,0,0,0,0,0,0,0
64x8,0,0,0,0,0,0,96,0,288,0,576,0,0,0,288,0,0,0,0,0,0,0,0,0,0,0,0,0,0,0,0,0,0,0,0,0,0,0,0,0,0,0,0,0,0,0
68x8,0,0,0,3,15,65,161,265,312,292,193,108,37,8,2,1,0,0,0,0,0,0,0,0,0,0,0,0,0,0,0,0,0,0,0,0,0,0,0,0,0,0,0,0,0,0
72x8,0,0,3,6,39,96,240,351,393,285,153,84,36,6,0,0,0,0,0,0,0,0,0,0,0,0,0,0,0,0,0,0,0,0,0,0,0,0,0,0,0,0,0,0,0,0
76x8,0,0,3,27,123,210,360,387,336,237,153,72,27,3,0,0,0,0,0,0,0,0,0,0,0,0,0,0,0,0,0,0,0,0,0,0,0,0,0,0,0,0,0,0,0,0
80x8,3,2,16,62,148,262,438,464,374,248,124,44,15,0,0,0,0,0,0,0,0,0,0,0,0,0,0,0,0,0,0,0,0,0,0,0,0,0,0,0,0,0,0,0,0,0
84x8,0,3,18,99,183,315,525,576,393,213,123,24,6,0,0,0,0,0,0,0,0,0,0,0,0,0,0,0,0,0,0,0,0,0,0,0,0,0,0,0,0,0,0,0,0,0
88x8,0,0,18,69,273,528,621,546,441,186,60,21,6,3,0,0,0,0,0,0,0,0,0,0,0,0,0,0,0,0,0,0,0,0,0,0,0,0,0,0,0,0,0,0,0,0
92x8,46,115,23,138,437,621,759,391,253,46,69,0,23,46,23,23,0,23,23,23,0,0,0,0,0,0,0,0,0,0,0,0,0,0,0,0,0,0,0,0,0,0,0,0,0,0
96x8,52,0,80,208,664,576,920,192,368,16,160,0,132,0,24,0,12,0,0,0,4,0,0,0,0,0,0,0,0,0,0,0,0,0,0,0,0,0,0,0,0,0,0,0,0,0
100x8,6,33,143,384,643,789,708,508,328,151,35,18,3,0,1,0,0,0,0,0,0,0,0,0,0,0,0,0,0,0,0,0,0,0,0,0,0,0,0,0,0,0,0,0,0,0
104x8,0,0,52,416,676,1300,832,364,312,52,78,0,26,0,0,0,0,0,0,0,0,0,0,0,0,0,0,0,0,0,0,0,0,0,0,0,0,0,0,0,0,0,0,0,0,0
108x8,774,864,2592,0,0,0,0,0,0,0,0,0,0,0,0,0,0,0,96,144,0,0,0,0,12,0,0,0,0,0,0,0,0,0,0,0,0,0,0,0,0,0,0,0,0,0
112x8,0,42,333,750,1185,1140,762,384,174,69,30,3,0,0,0,0,0,0,0,0,0,0,0,0,0,0,0,0,0,0,0,0,0,0,0,0,0,0,0,0,0,0,0,0,0,0
116x8,16,94,369,824,1187,1185,887,459,188,55,11,3,0,0,0,0,0,0,0,0,0,0,0,0,0,0,0,0,0,0,0,0,0,0,0,0,0,0,0,0,0,0,0,0,0,0
120x8,27,152,518,990,1289,1172,823,462,197,56,14,0,0,0,0,0,0,0,0,0,0,0,0,0,0,0,0,0,0,0,0,0,0,0,0,0,0,0,0,0,0,0,0,0,0,0
124x8,21,153,525,1152,1437,1227,978,375,204,63,0,0,3,0,0,0,0,0,0,0,0,0,0,0,0,0,0,0,0,0,0,0,0,0,0,0,0,0,0,0,0,0,0,0,0,0
128x8,6144,0,0,0,0,0,0,0,0,0,0,0,0,0,0,0,0,0,0,0,0,0,0,0,448,0,0,0,0,0,0,0,0,0,0,0,0,0,0,0,0,0,0,0,0,0
132x8,46,321,915,1481,1703,1306,800,309,140,32,8,1,0,0,0,0,0,0,0,0,0,0,0,0,0,0,0,0,0,0,0,0,0,0,0,0,0,0,0,0,0,0,0,0,0,0
136x8,6912,0,0,0,0,0,0,0,0,0,0,0,0,0,0,0,162,0,0,0,0,432,0,0,42,0,0,0,0,0,0,0,0,0,0,0,0,0,0,0,0,0,0,0,0,0
140x8,82,452,1211,1817,1903,1415,760,289,99,17,4,1,0,0,0,0,0,0,0,0,0,0,0,0,0,0,0,0,0,0,0,0,0,0,0,0,0,0,0,0,0,0,0,0,0,0
144x8,100,513,1368,2075,1998,1457,688,268,84,13,4,0,0,0,0,0,0,0,0,0,0,0,0,0,0,0,0,0,0,0,0,0,0,0,0,0,0,0,0,0,0,0,0,0,0,0
148x8,120,642,1383,2292,2148,1443,753,246,54,15,6,0,0,0,0,0,0,0,0,0,0,0,0,0,0,0,0,0,0,0,0,0,0,0,0,0,0,0,0,0,0,0,0,0,0,0
152x8,131,760,1702,2436,2260,1455,610,220,67,9,2,0,0,0,0,0,0,0,0,0,0,0,0,0,0,0,0,0,0,0,0,0,0,0,0,0,0,0,0,0,0,0,0,0,0,0
156x8,4590,2736,1656,0,0,0,0,0,0,24,60,156,276,192,252,156,120,0,0,0,0,0,0,0,0,0,0,0,0,0,0,0,0,0,0,0,0,0,0,0,0,0,0,0,0,0
160x8,5376,0,0,4608,0,0,576,0,0,0,0,0,240,0,0,0,0,0,0,0,0,0,0,0,0,0,0,0,0,0,0,0,0,0,0,0,0,0,0,0,0,0,0,0,0,0
164x8,266,1115,2411,2908,2471,1440,557,188,35,6,1,0,0,0,0,0,0,0,0,0,0,0,0,0,0,0,0,0,0,0,0,0,0,0,0,0,0,0,0,0,0,0,0,0,0,0
168x8,287,1354,2628,3140,2504,1371,507,165,49,6,1,0,0,0,0,0,0,0,0,0,0,0,0,0,0,0,0,0,0,0,0,0,0,0,0,0,0,0,0,0,0,0,0,0,0,0
172x8,329,1423,2988,3350,2549,1328,501,141,28,5,0,0,0,0,0,0,0,0,0,0,0,0,0,0,0,0,0,0,0,0,0,0,0,0,0,0,0,0,0,0,0,0,0,0,0,0
16x9,0,0,0,0,0,0,0,0,0,0,0,0,0,0,0,0,0,0,0,0,0,0,0,0,0,0,0,0,0,0,0,0,0,0,0,0,0,0,0,0,0,0,0,0,0,0
20x9,0,0,0,0,0,0,0,0,0,0,0,0,0,0,0,0,1,4,4,0,0,0,0,0,0,0,0,0,0,0,0,0,0,0,0,0,0,0,0,0,0,0,0,0,0,0
24x9,0,0,0,0,0,0,0,0,0,0,0,0,0,0,0,0,0,0,0,0,0,18,1,0,0,0,0,0,0,0,0,0,0,0,0,0,0,0,0,0,0,0,0,0,0,0
28x9,0,0,0,0,0,0,0,0,0,0,0,0,0,0,0,0,0,0,0,0,0,0,0,0,0,0,0,0,0,0,0,0,0,0,0,0,0,0,0,0,0,0,0,0,0,0
32x9,0,0,0,0,0,0,0,0,0,0,0,0,0,0,0,0,0,0,0,0,0,0,0,0,16,0,48,0,0,0,0,0,0,0,0,0,0,0,0,0,0,0,0,0,0,0
36x9,0,0,0,0,0,0,0,0,0,0,0,0,0,0,0,0,0,0,0,0,0,18,108,0,18,0,0,0,0,0,0,0,0,0,0,0,0,0,0,0,0,0,0,0,0,0
40x9,0,0,0,0,0,0,0,0,0,0,0,0,0,0,0,0,0,0,0,60,108,60,12,0,0,0,0,0,0,0,0,0,0,0,0,0,0,0,0,0,0,0,0,0,0,0
44x9,0,0,0,0,0,0,0,0,0,0,0,0,0,3,2,16,56,98,95,63,16,3,0,0,0,0,0,0,0,0,0,0,0,0,0,0,0,0,0,0,0,0,0,0,0,0
48x9,0,0,0,0,0,0,0,0,0,0,0,0,0,36,51,114,111,96,45,15,6,6,0,0,0,0,0,0,0,0,0,0,0,0,0,0,0,0,0,0,0,0,0,0,0,0
52x9,0,0,0,0,0,0,0,0,0,0,3,6,45,87,174,165,99,27,18,0,0,0,0,0,0,0,0,0,0,0,0,0,0,0,0,0,0,0,0,0,0,0,0,0,0,0
56x9,0,0,0,0,0,0,1,0,2,8,38,70,133,188,167,98,57,20,2,0,0,0,0,0,0,0,0,0,0,0,0,0,0,0,0,0,0,0,0,0,0,0,0,0,0,0
60x9,0,0,0,0,0,0,1,1,13,49,114,159,196,176,134,71,28,15,1,2,0,0,0,0,0,0,0,0,0,0,0,0,0,0,0,0,0,0,0,0,0,0,0,0,0,0
64x9,0,0,0,0,0,0,0,0,96,0,192,0,416,0,160,0,160,0,128,0,0,0,0,0,0,0,0,0,0,0,0,0,0,0,0,0,0,0,0,0,0,0,0,0,0,0
68x9,0,0,0,0,2,2,7,37,104,203,294,286,224,148,41,9,3,0,0,0,0,0,0,0,0,0,0,0,0,0,0,0,0,0,0,0,0,0,0,0,0,0,0,0,0,0
72x9,0,0,0,0,6,15,33,120,231,297,282,240,189,120,39,9,0,3,0,0,0,0,0,0,0,0,0,0,0,0,0,0,0,0,0,0,0,0,0,0,0,0,0,0,0,0
76x9,0,0,0,0,3,24,108,240,375,306,279,255,144,57,21,6,6,0,0,0,0,0,0,0,0,0,0,0,0,0,0,0,0,0,0,0,0,0,0,0,0,0,0,0,0,0
80x9,0,0,0,0,15,66,145,258,362,446,380,206,123,54,21,2,2,0,0,0,0,0,0,0,0,0,0,0,0,0,0,0,0,0,0,0,0,0,0,0,0,0,0,0,0,0
84x9,0,0,0,9,30,108,210,438,453,426,345,192,84,48,9,0,0,0,0,0,0,0,0,0,0,0,0,0,0,0,0,0,0,0,0,0,0,0,0,0,0,0,0,0,0,0
88x9,0,0,0,9,36,114,339,495,594,450,345,153,63,36,6,0,0,0,0,0,0,0,0,0,0,0,0,0,0,0,0,0,0,0,0,0,0,0,0,0,0,0,0,0,0,0
92x9,23,0,23,115,115,230,368,736,437,368,161,115,46,23,0,69,0,23,23,0,23,23,23,0,0,0,0,0,0,0,0,0,0,0,0,0,0,0,0,0,0,0,0,0,0,0
96x9,2,6,10,48,180,372,612,658,483,302,168,146,81,84,66,18,12,10,2,0,2,0,2,0,0,0,0,0,0,0,0,0,0,0,0,0,0,0,0,0,0,0,0,0,0,0
100x9,0,6,39,99,261,465,598,698,593,482,233,93,26,4,3,0,0,0,0,0,0,0,0,0,0,0,0,0,0,0,0,0,0,0,0,0,0,0,0,0,0,0,0,0,0,0
104x9,0,0,12,78,218,602,872,828,656,370,173,72,59,0,10,0,1,0,1,0,0,0,0,0,0,0,0,0,0,0,0,0,0,0,0,0,0,0,0,0,0,0,0,0,0,0
108x9,12,181,728,1380,1528,239,0,0,0,0,0,0,0,0,0,0,0,0,74,126,40,0,0,0,12,0,0,0,0,0,0,0,0,0,0,0,0,0,0,0,0,0,0,0,0,0
112x9,0,3,57,255,630,1074,1011,786,486,255,102,39,6,0,0,0,0,0,0,0,0,0,0,0,0,0,0,0,0,0,0,0,0,0,0,0,0,0,0,0,0,0,0,0,0,0
116x9,3,15,84,292,669,953,1115,939,580,313,99,33,7,1,1,0,0,0,0,0,0,0,0,0,0,0,0,0,0,0,0,0,0,0,0,0,0,0,0,0,0,0,0,0,0,0
120x9,4,42,141,427,776,1101,1190,901,548,259,103,21,6,1,0,0,0,0,0,0,0,0,0,0,0,0,0,0,0,0,0,0,0,0,0,0,0,0,0,0,0,0,0,0,0,0
124x9,0,21,156,513,933,1197,1179,1026,531,267,81,42,6,0,0,0,0,0,0,0,0,0,0,0,0,0,0,0,0,0,0,0,0,0,0,0,0,0,0,0,0,0,0,0,0,0
128x9,1344,0,4608,0,0,0,0,0,0,0,0,0,0,0,0,0,0,0,0,0,0,0,0,0,448,0,0,0,0,0,0,0,0,0,0,0,0,0,0,0,0,0,0,0,0,0
132x9,5,72,326,791,1301,1547,1241,866,464,175,59,12,5,0,0,0,0,0,0,0,0,0,0,0,0,0,0,0,0,0,0,0,0,0,0,0,0,0,0,0,0,0,0,0,0,0
136x9,1107,2393,2852,353,15,0,0,0,0,0,0,0,0,0,0,0,99,54,9,0,0,420,0,0,42,0,0,0,0,0,0,0,0,0,0,0,0,0,0,0,0,0,0,0,0,0
140x9,13,133,514,1122,1595,1675,1404,824,363,141,48,6,2,0,0,0,0,0,0,0,0,0,0,0,0,0,0,0,0,0,0,0,0,0,0,0,0,0,0,0,0,0,0,0,0,0
144x9,24,174,584,1276,1821,1767,1380,808,378,100,34,6,0,0,0,0,0,0,0,0,0,0,0,0,0,0,0,0,0,0,0,0,0,0,0,0,0,0,0,0,0,0,0,0,0,0
148x9,27,261,645,1392,1899,1986,1359,783,372,111,42,0,3,0,0,0,0,0,0,0,0,0,0,0,0,0,0,0,0,0,0,0,0,0,0,0,0,0,0,0,0,0,0,0,0,0
152x9,35,246,863,1629,2158,1986,1375,708,293,93,34,4,0,0,0,0,0,0,0,0,0,0,0,0,0,0,0,0,0,0,0,0,0,0,0,0,0,0,0,0,0,0,0,0,0,0
156x9,3636,2880,2448,0,0,0,0,0,0,0,0,0,0,0,132,120,192,192,120,96,144,24,0,0,0,0,0,0,0,0,0,0,0,0,0,0,0,0,0,0,0,0,0,0,0,0
160x9,5376,0,0,0,4608,0,0,0,576,0,0,0,0,0,0,0,0,0,0,0,0,0,0,0,0,0,0,0,0,0,0,0,0,0,0,0,0,0,0,0,0,0,0,0,0,0
164x9,80,475,1332,2215,2580,2234,1313,626,225,59,12,1,0,0,0,0,0,0,0,0,0,0,0,0,0,0,0,0,0,0,0,0,0,0,0,0,0,0,0,0,0,0,0,0,0,0
168x9,91,550,1520,2446,2780,2218,1289,593,185,70,15,3,0,0,0,0,0,0,0,0,0,0,0,0,0,0,0,0,0,0,0,0,0,0,0,0,0,0,0,0,0,0,0,0,0,0
172x9,102,603,1699,2761,3059,2184,1199,533,197,36,11,0,0,0,0,0,0,0,0,0,0,0,0,0,0,0,0,0,0,0,0,0,0,0,0,0,0,0,0,0,0,0,0,0,0,0
16x10,0,0,0,0,0,0,0,0,0,0,0,0,0,0,0,0,0,0,0,0,0,0,0,0,0,0,0,0,0,0,0,0,0,0,0,0,0,0,0,0,0,0,0,0,0,0
20x10,0,0,0,0,0,0,0,0,0,0,0,0,0,0,0,0,0,0,4,0,0,0,0,0,0,0,0,0,0,0,0,0,0,0,0,0,0,0,0,0,0,0,0,0,0,0
24x10,0,0,0,0,0,0,0,0,0,0,0,0,0,0,0,0,0,0,0,0,0,15,2,0,0,0,0,0,0,0,0,0,0,0,0,0,0,0,0,0,0,0,0,0,0,0
28x10,0,0,0,0,0,0,0,0,0,0,0,0,0,0,0,0,0,0,0,0,0,0,0,0,0,0,0,0,0,0,0,0,0,0,0,0,0,0,0,0,0,0,0,0,0,0
32x10,0,0,0,0,0,0,0,0,0,0,0,0,0,0,0,0,0,0,0,0,0,0,0,0,0,0,0,0,0,0,16,0,0,0,0,0,0,0,0,0,0,0,0,0,0,0
36x10,0,0,0,0,0,0,0,0,0,0,0,0,0,0,0,0,0,0,0,0,0,0,0,0,0,0,0,36,54,0,0,0,0,0,0,0,0,0,0,0,0,0,0,0,0,0
40x10,0,0,0,0,0,0,0,0,0,0,0,0,0,0,0,0,0,0,0,0,0,0,0,0,72,90,18,0,0,0,0,0,0,0,0,0,0,0,0,0,0,0,0,0,0,0
44x10,0,0,0,0,0,0,0,0,0,0,0,0,0,0,0,0,0,0,0,1,28,83,80,65,26,3,0,0,0,0,0,0,0,0,0,0,0,0,0,0,0,0,0,0,0,0
48x10,0,0,0,0,0,0,0,0,0,0,0,0,0,0,0,0,0,24,63,105,93,84,15,21,3,0,0,0,0,0,0,0,0,0,0,0,0,0,0,0,0,0,0,0,0,0
52x10,0,0,0,0,0,0,0,0,0,0,0,0,0,0,0,6,54,108,138,132,78,15,12,3,0,0,0,0,0,0,0,0,0,0,0,0,0,0,0,0,0,0,0,0,0,0
56x10,0,0,0,0,0,0,0,0,0,0,0,0,4,18,46,81,159,144,134,73,30,8,3,0,0,0,0,0,0,0,0,0,0,0,0,0,0,0,0,0,0,0,0,0,0,0
60x10,0,0,0,0,0,0,0,0,0,0,1,13,55,136,196,188,145,91,29,11,3,1,1,0,0,0,0,0,0,0,0,0,0,0,0,0,0,0,0,0,0,0,0,0,0,0
64x10,0,0,0,0,0,0,0,0,0,0,0,0,224,0,128,0,416,0,192,0,96,0,0,0,0,0,0,0,0,0,0,0,0,0,0,0,0,0,0,0,0,0,0,0,0,0
68x10,0,0,0,0,0,0,0,1,4,18,51,124,200,275,240,179,107,46,10,2,1,0,0,0,0,0,0,0,0,0,0,0,0,0,0,0,0,0,0,0,0,0,0,0,0,0
72x10,0,0,0,0,0,0,0,6,18,51,147,237,300,237,210,177,84,9,0,0,0,0,0,0,0,0,0,0,0,0,0,0,0,0,0,0,0,0,0,0,0,0,0,0,0,0
76x10,0,0,0,0,0,0,3,6,57,156,339,348,366,228,117,57,12,18,3,0,0,0,0,0,0,0,0,0,0,0,0,0,0,0,0,0,0,0,0,0,0,0,0,0,0,0
80x10,0,0,2,0,2,0,16,48,138,234,309,378,367,232,135,58,29,6,6,0,0,0,0,0,0,0,0,0,0,0,0,0,0,0,0,0,0,0,0,0,0,0,0,0,0,0
84x10,0,0,0,0,0,12,54,75,201,315,384,453,351,201,138,42,0,0,0,0,0,0,0,0,0,0,0,0,0,0,0,0,0,0,0,0,0,0,0,0,0,0,0,0,0,0
88x10,0,0,0,0,0,15,54,138,276,450,501,465,288,195,78,39,9,0,0,0,0,0,0,0,0,0,0,0,0,0,0,0,0,0,0,0,0,0,0,0,0,0,0,0,0,0
92x10,23,0,0,23,46,92,138,253,437,736,207,230,161,92,138,23,23,46,23,0,23,23,0,23,23,23,0,0,0,0,0,0,0,0,0,0,0,0,0,0,0,0,0,0,0,0
96x10,2,0,0,4,16,88,268,408,533,516,470,180,193,116,132,72,80,0,26,0,10,0,6,0,0,0,0,0,0,0,0,0,0,0,0,0,0,0,0,0,0,0,0,0,0,0
100x10,0,1,2,21,57,164,297,486,591,629,547,330,181,96,31,14,3,0,0,0,0,0,0,0,0,0,0,0,0,0,0,0,0,0,0,0,0,0,0,0,0,0,0,0,0,0
104x10,0,0,0,4,56,126,384,598,772,732,534,312,161,62,41,4,8,0,1,0,1,0,0,0,0,0,0,0,0,0,0,0,0,0,0,0,0,0,0,0,0,0,0,0,0,0
108x10,0,5,59,300,776,1313,981,375,88,9,0,0,0,0,0,0,0,0,48,103,68,19,2,0,6,6,0,0,0,0,0,0,0,0,0,0,0,0,0,0,0,0,0,0,0,0
112x10,0,0,9,45,162,474,813,930,921,612,324,138,72,30,3,3,0,0,0,0,0,0,0,0,0,0,0,0,0,0,0,0,0,0,0,0,0,0,0,0,0,0,0,0,0,0
116x10,2,0,20,74,199,461,765,968,909,742,483,200,80,22,4,1,0,0,0,0,0,0,0,0,0,0,0,0,0,0,0,0,0,0,0,0,0,0,0,0,0,0,0,0,0,0
120x10,2,0,25,112,328,582,909,1083,943,705,400,163,71,9,6,1,1,0,0,0,0,0,0,0,0,0,0,0,0,0,0,0,0,0,0,0,0,0,0,0,0,0,0,0,0,0
124x10,0,0,15,117,390,693,1128,1101,1071,654,372,141,69,9,6,0,0,0,0,0,0,0,0,0,0,0,0,0,0,0,0,0,0,0,0,0,0,0,0,0,0,0,0,0,0,0
128x10,768,0,384,0,4608,0,0,0,0,0,0,0,0,0,0,0,0,0,0,0,0,0,0,0,256,0,192,0,0,0,0,0,0,0,0,0,0,0,0,0,0,0,0,0,0,0
132x10,2,13,75,290,659,1079,1295,1274,1005,581,248,103,33,8,0,1,0,0,0,0,0,0,0,0,0,0,0,0,0,0,0,0,0,0,0,0,0,0,0,0,0,0,0,0,0,0
136x10,331,624,1179,1859,2205,230,75,18,6,0,0,0,0,0,0,0,87,21,45,9,0,161,172,76,37,2,3,0,0,0,0,0,0,0,0,0,0,0,0,0,0,0,0,0,0,0
140x10,3,27,177,440,921,1409,1589,1341,894,489,235,77,25,3,0,0,0,0,0,0,0,0,0,0,0,0,0,0,0,0,0,0,0,0,0,0,0,0,0,0,0,0,0,0,0,0
144x10,2,50,213,595,1092,1590,1639,1319,868,483,194,74,11,6,0,0,0,0,0,0,0,0,0,0,0,0,0,0,0,0,0,0,0,0,0,0,0,0,0,0,0,0,0,0,0,0
148x10,6,57,246,669,1275,1653,1740,1326,867,486,204,96,30,0,0,3,0,0,0,0,0,0,0,0,0,0,0,0,0,0,0,0,0,0,0,0,0,0,0,0,0,0,0,0,0,0
152x10,13,69,300,791,1516,1866,1806,1412,823,384,145,57,14,0,0,0,0,0,0,0,0,0,0,0,0,0,0,0,0,0,0,0,0,0,0,0,0,0,0,0,0,0,0,0,0,0
156x10,2754,2664,3528,0,0,0,0,0,0,0,0,0,0,0,0,0,0,0,0,204,156,72,168,156,36,12,0,0,0,0,0,0,0,0,0,0,0,0,0,0,0,0,0,0,0,0
160x10,960,2448,1560,288,1104,1968,1272,144,96,336,144,0,0,0,0,0,0,0,0,0,0,0,0,0,0,0,0,0,0,0,0,0,0,0,0,0,0,0,0,0,0,0,0,0,0,0
164x10,18,151,561,1334,2069,2306,1961,1333,693,338,105,28,4,5,0,0,0,0,0,0,0,0,0,0,0,0,0,0,0,0,0,0,0,0,0,0,0,0,0,0,0,0,0,0,0,0
168x10,20,198,689,1472,2238,2477,2054,1306,641,295,85,27,5,1,0,0,0,0,0,0,0,0,0,0,0,0,0,0,0,0,0,0,0,0,0,0,0,0,0,0,0,0,0,0,0,0
172x10,26,191,745,1707,2604,2698,2066,1195,586,222,68,14,4,0,0,0,0,0,0,0,0,0,0,0,0,0,0,0,0,0,0,0,0,0,0,0,0,0,0,0,0,0,0,0,0,0
36x11,0,0,0,0,0,0,0,0,0,0,0,0,0,0,0,0,0,0,0,0,0,0,0,0,0,0,0,0,0,0,0,0,0,36,0,0,0,0,0,0,0,0,0,0,0,0
40x11,0,0,0,0,0,0,0,0,0,0,0,0,0,0,0,0,0,0,0,0,0,0,0,0,0,0,0,0,0,0,120,0,0,0,0,0,0,0,0,0,0,0,0,0,0,0
44x11,0,0,0,0,0,0,0,0,0,0,0,0,0,0,0,0,0,0,0,0,0,0,0,0,2,10,101,58,37,12,0,0,0,0,0,0,0,0,0,0,0,0,0,0,0,0
48x11,0,0,0,0,0,0,0,0,0,0,0,0,0,0,0,0,0,0,0,0,0,0,33,63,99,99,33,3,3,3,0,0,0,0,0,0,0,0,0,0,0,0,0,0,0,0
52x11,0,0,0,0,0,0,0,0,0,0,0,0,0,0,0,0,0,0,0,3,30,117,162,102,42,12,0,0,0,0,0,0,0,0,0,0,0,0,0,0,0,0,0,0,0,0
56x11,0,0,0,0,0,0,0,0,0,0,0,0,0,0,1,0,7,18,59,101,137,121,95,48,19,10,0,0,0,0,0,0,0,0,0,0,0,0,0,0,0,0,0,0,0,0
60x11,0,0,0,0,0,0,0,0,0,0,0,0,0,0,8,26,64,113,144,156,136,76,43,8,4,2,0,0,0,0,0,0,0,0,0,0,0,0,0,0,0,0,0,0,0,0
64x11,0,0,0,0,0,0,0,0,0,0,0,0,0,0,64,0,64,0,224,0,448,0,64,0,0,0,96,0,0,0,0,0,0,0,0,0,0,0,0,0,0,0,0,0,0,0
68x11,0,0,0,0,0,0,0,0,0,0,3,7,21,52,136,220,218,215,151,78,42,7,5,1,0,0,0,0,0,0,0,0,0,0,0,0,0,0,0,0,0,0,0,0,0,0
72x11,0,0,0,0,0,0,0,0,0,3,3,39,72,180,204,291,261,144,123,36,12,0,0,0,0,0,0,0,0,0,0,0,0,0,0,0,0,0,0,0,0,0,0,0,0,0
76x11,0,0,0,0,0,0,0,0,3,9,36,63,174,291,390,297,171,78,63,12,6,0,3,0,0,0,0,0,0,0,0,0,0,0,0,0,0,0,0,0,0,0,0,0,0,0
80x11,0,0,0,0,0,0,2,0,12,28,63,188,287,302,303,320,192,86,36,16,5,0,0,0,0,0,0,0,0,0,0,0,0,0,0,0,0,0,0,0,0,0,0,0,0,0
84x11,0,0,0,0,0,0,0,0,42,81,153,261,399,348,312,273,156,63,9,3,0,0,0,0,0,0,0,0,0,0,0,0,0,0,0,0,0,0,0,0,0,0,0,0,0,0
88x11,0,0,0,0,0,0,6,24,54,108,234,372,453,471,279,186,117,45,18,6,3,0,0,0,0,0,0,0,0,0,0,0,0,0,0,0,0,0,0,0,0,0,0,0,0,0
92x11,0,23,0,0,0,0,69,92,46,138,736,529,230,92,92,207,92,92,23,46,23,23,0,23,23,0,23,23,23,0,0,0,0,0,0,0,0,0,0,0,0,0,0,0,0,0
96x11,0,0,0,0,0,4,32,96,272,418,526,446,293,196,162,136,126,120,56,44,17,14,4,8,4,0,2,0,0,0,0,0,0,0,0,0,0,0,0,0,0,0,0,0,0,0
100x11,0,0,0,2,5,24,65,152,283,528,558,557,465,319,194,99,35,7,5,2,0,0,0,0,0,0,0,0,0,0,0,0,0,0,0,0,0,0,0,0,0,0,0,0,0,0
104x11,0,0,0,0,2,22,64,192,370,620,681,602,510,300,169,64,33,2,5,2,1,0,1,0,0,0,0,0,0,0,0,0,0,0,0,0,0,0,0,0,0,0,0,0,0,0
108x11,0,0,0,18,84,356,756,1084,859,391,132,46,14,4,0,0,0,0,28,61,68,61,22,0,2,6,4,0,0,0,0,0,0,0,0,0,0,0,0,0,0,0,0,0,0,0
112x11,0,0,0,6,30,96,300,531,798,918,753,483,252,99,69,24,6,0,3,0,0,0,0,0,0,0,0,0,0,0,0,0,0,0,0,0,0,0,0,0,0,0,0,0,0,0
116x11,0,1,1,13,34,151,291,574,733,857,860,604,367,168,73,23,6,0,0,0,0,0,0,0,0,0,0,0,0,0,0,0,0,0,0,0,0,0,0,0,0,0,0,0,0,0
120x11,0,1,9,21,87,189,441,804,925,851,764,525,309,145,54,30,4,1,0,0,0,0,0,0,0,0,0,0,0,0,0,0,0,0,0,0,0,0,0,0,0,0,0,0,0,0
124x11,0,0,0,12,60,279,540,870,1041,1032,777,507,264,123,51,15,6,3,0,0,0,0,0,0,0,0,0,0,0,0,0,0,0,0,0,0,0,0,0,0,0,0,0,0,0,0
128x11,192,0,576,0,192,0,4608,0,0,0,0,0,0,0,0,0,0,0,0,0,0,0,0,0,64,0,192,0,192,0,0,0,0,0,0,0,0,0,0,0,0,0,0,0,0,0
132x11,0,0,16,66,237,521,838,1089,1207,1005,737,426,218,78,23,6,1,0,0,0,0,0,0,0,0,0,0,0,0,0,0,0,0,0,0,0,0,0,0,0,0,0,0,0,0,0
136x11,0,179,607,786,1134,2001,1510,95,35,6,0,0,0,0,0,0,81,0,6,24,24,159,7,23,189,7,4,56,0,0,3,0,0,0,0,0,0,0,0,0,0,0,0,0,0,0
140x11,0,7,36,163,375,769,1163,1368,1355,1012,620,338,150,49,14,1,0,0,0,0,0,0,0,0,0,0,0,0,0,0,0,0,0,0,0,0,0,0,0,0,0,0,0,0,0,0
144x11,0,8,55,202,477,986,1296,1455,1334,1011,611,305,139,29,11,1,0,0,0,0,0,0,0,0,0,0,0,0,0,0,0,0,0,0,0,0,0,0,0,0,0,0,0,0,0,0
148x11,0,3,39,243,531,1029,1446,1590,1320,1122,606,297,156,39,12,3,0,0,0,0,0,0,0,0,0,0,0,0,0,0,0,0,0,0,0,0,0,0,0,0,0,0,0,0,0,0
152x11,1,15,81,307,708,1277,1611,1715,1442,915,531,239,88,34,3,1,0,0,0,0,0,0,0,0,0,0,0,0,0,0,0,0,0,0,0,0,0,0,0,0,0,0,0,0,0,0
156x11,1908,2160,4860,0,0,0,0,0,0,0,0,0,0,0,0,0,0,0,0,0,0,0,0,0,60,360,0,72,72,0,24,0,0,0,0,0,0,0,0,0,0,0,0,0,0,0
160x11,960,0,2448,0,2304,0,2496,0,1008,0,720,0,144,0,0,0,0,0,0,0,0,0,0,0,0,0,0,0,0,0,0,0,0,0,0,0,0,0,0,0,0,0,0,0,0,0
164x11,4,33,197,564,1189,1798,2090,1925,1384,816,456,143,48,11,2,0,0,0,0,0,0,0,0,0,0,0,0,0,0,0,0,0,0,0,0,0,0,0,0,0,0,0,0,0,0,0
168x11,5,56,248,679,1411,1917,2223,1990,1371,766,389,152,39,8,1,1,0,0,0,0,0,0,0,0,0,0,0,0,0,0,0,0,0,0,0,0,0,0,0,0,0,0,0,0,0,0
172x11,7,49,251,784,1583,2271,2457,1984,1274,715,334,114,36,7,2,0,0,0,0,0,0,0,0,0,0,0,0,0,0,0,0,0,0,0,0,0,0,0,0,0,0,0,0,0,0,0
40x12,0,0,0,0,0,0,0,0,0,0,0,0,0,0,0,0,0,0,0,0,0,0,0,0,0,0,0,0,0,0,0,0,0,0,0,0,60,0,0,0,0,0,0,0,0,0
44x12,0,0,0,0,0,0,0,0,0,0,0,0,0,0,0,0,0,0,0,0,0,0,0,0,0,0,0,0,0,0,10,9,105,30,0,0,0,0,0,0,0,0,0,0,0,0
48x12,0,0,0,0,0,0,0,0,0,0,0,0,0,0,0,0,0,0,0,0,0,0,0,0,0,0,0,18,84,90,57,6,9,0,0,0,0,0,0,0,0,0,0,0,0,0
52x12,0,0,0,0,0,0,0,0,0,0,0,0,0,0,0,0,0,0,0,0,0,0,0,0,3,57,129,144,45,9,3,0,0,0,0,0,0,0,0,0,0,0,0,0,0,0
56x12,0,0,0,0,0,0,0,0,0,0,0,0,0,0,0,0,0,0,0,0,3,16,60,83,114,122,68,50,9,7,0,0,0,0,0,0,0,0,0,0,0,0,0,0,0,0
60x12,0,0,0,0,0,0,0,0,0,0,0,0,0,0,0,0,0,1,2,15,57,94,171,141,117,59,28,5,0,0,0,0,0,0,0,0,0,0,0,0,0,0,0,0,0,0
64x12,0,0,0,0,0,0,0,0,0,0,0,0,0,0,0,0,0,0,480,0,192,0,192,0,0,0,0,0,0,0,0,0,0,0,0,0,0,0,0,0,0,0,0,0,0,0
68x12,0,0,0,0,0,0,0,0,0,0,0,0,0,0,1,9,33,99,176,216,192,175,95,48,8,2,0,0,0,0,0,0,0,0,0,0,0,0,0,0,0,0,0,0,0,0
72x12,0,0,0,0,0,0,0,0,0,0,0,0,3,9,39,69,117,183,222,258,183,93,57,27,0,0,0,0,0,0,0,0,0,0,0,0,0,0,0,0,0,0,0,0,0,0
76x12,0,0,0,0,0,0,0,0,0,0,0,3,3,9,90,153,285,294,297,180,93,51,18,3,3,0,0,0,0,0,0,0,0,0,0,0,0,0,0,0,0,0,0,0,0,0
80x12,0,0,0,0,0,0,0,0,0,0,6,12,36,106,188,252,322,314,242,118,84,24,16,0,0,0,0,0,0,0,0,0,0,0,0,0,0,0,0,0,0,0,0,0,0,0
84x12,0,0,0,0,0,0,0,0,0,3,9,60,114,222,309,294,327,276,234,81,36,3,6,0,0,0,0,0,0,0,0,0,0,0,0,0,0,0,0,0,0,0,0,0,0,0
88x12,0,0,0,0,0,0,0,0,0,18,30,75,177,276,393,384,357,234,177,63,45,9,0,6,0,0,0,0,0,0,0,0,0,0,0,0,0,0,0,0,0,0,0,0,0,0
92x12,0,0,0,0,23,0,0,0,69,23,115,138,460,414,460,46,46,138,184,92,92,23,46,23,23,0,23,23,0,23,23,23,0,0,0,0,0,0,0,0,0,0,0,0,0,0
96x12,0,0,0,0,0,0,0,8,36,88,276,384,532,288,308,56,254,64,224,8,192,0,52,0,46,0,4,0,12,0,0,0,0,0,0,0,0,0,0,0,0,0,0,0,0,0
100x12,0,0,0,0,0,0,7,24,71,148,282,399,503,544,450,345,192,105,50,20,7,3,0,0,0,0,0,0,0,0,0,0,0,0,0,0,0,0,0,0,0,0,0,0,0,0
104x12,0,0,0,0,0,0,6,26,76,202,320,524,672,584,431,324,181,80,39,10,5,0,4,0,0,0,0,0,0,0,0,0,0,0,0,0,0,0,0,0,0,0,0,0,0,0
108x12,0,0,0,0,5,16,87,292,609,943,828,485,215,73,18,11,0,0,8,35,54,68,35,37,3,6,4,2,0,0,0,0,0,0,0,0,0,0,0,0,0,0,0,0,0,0
112x12,0,0,0,0,3,3,42,126,345,582,765,810,690,426,189,144,48,18,3,6,0,0,0,0,0,0,0,0,0,0,0,0,0,0,0,0,0,0,0,0,0,0,0,0,0,0
116x12,0,0,0,2,4,21,73,166,354,583,728,756,746,570,323,163,66,23,4,0,0,0,0,0,0,0,0,0,0,0,0,0,0,0,0,0,0,0,0,0,0,0,0,0,0,0
120x12,0,0,0,1,6,39,132,257,473,752,789,870,763,444,250,126,52,15,8,3,0,0,0,0,0,0,0,0,0,0,0,0,0,0,0,0,0,0,0,0,0,0,0,0,0,0
124x12,0,0,0,0,0,30,168,378,597,861,1011,873,624,474,189,105,42,36,6,0,0,0,0,0,0,0,0,0,0,0,0,0,0,0,0,0,0,0,0,0,0,0,0,0,0,0
128x12,0,0,0,0,768,0,0,0,4608,0,0,0,0,0,0,0,0,0,0,0,0,0,0,0,64,0,0,0,192,0,0,0,192,0,0,0,0,0,0,0,0,0,0,0,0,0
132x12,1,0,1,11,43,159,361,633,927,1073,1032,879,576,306,164,77,22,4,0,0,1,0,0,0,0,0,0,0,0,0,0,0,0,0,0,0,0,0,0,0,0,0,0,0,0,0
136x12,0,27,0,394,672,465,1062,2202,1221,97,18,0,0,0,0,0,81,0,3,12,24,21,18,3,166,18,143,16,64,2,0,3,0,0,0,0,0,0,0,0,0,0,0,0,0,0
140x12,0,0,6,26,121,296,600,943,1164,1263,1094,810,490,242,111,34,9,1,0,0,0,0,0,0,0,0,0,0,0,0,0,0,0,0,0,0,0,0,0,0,0,0,0,0,0,0
144x12,0,0,9,41,157,406,738,1090,1322,1322,1076,769,449,212,85,23,3,1,1,0,0,0,0,0,0,0,0,0,0,0,0,0,0,0,0,0,0,0,0,0,0,0,0,0,0,0
148x12,0,0,3,33,162,426,867,1200,1446,1374,1089,771,477,195,105,48,12,6,0,0,0,0,0,0,0,0,0,0,0,0,0,0,0,0,0,0,0,0,0,0,0,0,0,0,0,0
152x12,0,1,12,87,250,576,1005,1383,1618,1518,1037,643,368,161,59,18,1,3,0,0,0,0,0,0,0,0,0,0,0,0,0,0,0,0,0,0,0,0,0,0,0,0,0,0,0,0
156x12,1134,1296,6480,0,0,0,0,0,0,0,0,0,0,0,0,0,0,0,0,0,0,0,0,0,0,0,0,0,0,0,144,216,0,0,0,0,12,0,0,0,0,0,0,0,0,0
160x12,960,0,0,2448,1104,0,1200,1968,96,288,912,336,120,144,144,0,120,0,0,0,0,0,0,0,0,0,0,0,0,0,0,0,0,0,0,0,0,0,0,0,0,0,0,0,0,0
164x12,0,7,44,155,495,1023,1549,1878,1878,1504,1008,520,220,92,29,10,2,0,0,0,0,0,0,0,0,0,0,0,0,0,0,0,0,0,0,0,0,0,0,0,0,0,0,0,0,0
168x12,2,14,82,259,642,1227,1722,1920,1899,1468,941,477,230,78,31,9,2,1,0,0,0,0,0,0,0,0,0,0,0,0,0,0,0,0,0,0,0,0,0,0,0,0,0,0,0,0
172x12,1,10,62,275,735,1373,1957,2255,1989,1362,850,433,204,73,24,7,0,0,0,0,0,0,0,0,0,0,0,0,0,0,0,0,0,0,0,0,0,0,0,0,0,0,0,0,0,0
40x13,0,0,0,0,0,0,0,0,0,0,0,0,0,0,0,0,0,0,0,0,0,0,0,0,0,0,0,0,0,0,0,0,0,0,0,0,0,0,0,0,0,0,0,0,0,0
44x13,0,0,0,0,0,0,0,0,0,0,0,0,0,0,0,0,0,0,0,0,0,0,0,0,0,0,0,0,0,0,0,0,0,0,0,0,22,0,66,0,0,0,0,0,0,0
48x13,0,0,0,0,0,0,0,0,0,0,0,0,0,0,0,0,0,0,0,0,0,0,0,0,0,0,0,0,0,0,0,0,0,30,144,0,18,0,0,0,0,0,0,0,0,0
52x13,0,0,0,0,0,0,0,0,0,0,0,0,0,0,0,0,0,0,0,0,0,0,0,0,0,0,0,0,0,0,60,129,93,30,0,0,0,0,0,0,0,0,0,0,0,0
56x13,0,0,0,0,0,0,0,0,0,0,0,0,0,0,0,0,0,0,0,0,0,0,0,0,1,0,36,74,80,92,96,24,41,2,2,0,0,0,0,0,0,0,0,0,0,0
60x13,0,0,0,0,0,0,0,0,0,0,0,0,0,0,0,0,0,0,0,0,0,0,0,8,23,90,137,147,116,59,14,5,1,0,0,0,0,0,0,0,0,0,0,0,0,0
64x13,0,0,0,0,0,0,0,0,0,0,0,0,0,0,0,0,0,0,0,0,0,0,128,0,320,0,224,0,96,0,0,0,0,0,0,0,0,0,0,0,0,0,0,0,0,0
68x13,0,0,0,0,0,0,0,0,0,0,0,0,0,0,0,0,1,0,4,12,50,127,192,216,180,101,48,19,2,0,0,0,0,0,0,0,0,0,0,0,0,0,0,0,0,0
72x13,0,0,0,0,0,0,0,0,0,0,0,0,0,0,0,0,9,30,36,102,156,201,219,165,141,54,24,15,0,0,0,0,0,0,0,0,0,0,0,0,0,0,0,0,0,0
76x13,0,0,0,0,0,0,0,0,0,0,0,0,0,0,0,0,24,57,147,186,276,240,195,129,69,42,3,0,0,0,0,0,0,0,0,0,0,0,0,0,0,0,0,0,0,0
80x13,0,0,0,0,0,0,0,0,0,0,0,0,4,6,21,34,96,188,259,294,271,178,146,60,29,6,8,0,0,0,0,0,0,0,0,0,0,0,0,0,0,0,0,0,0,0
84x13,0,0,0,0,0,0,0,0,0,0,0,3,3,24,63,135,207,267,309,303,219,150,111,39,12,0,0,3,0,0,0,0,0,0,0,0,0,0,0,0,0,0,0,0,0,0
88x13,0,0,0,0,0,0,0,0,0,0,3,9,12,39,108,174,321,387,357,279,213,93,63,33,15,3,3,0,0,0,0,0,0,0,0,0,0,0,0,0,0,0,0,0,0,0
92x13,0,0,0,0,0,0,0,0,0,23,0,46,115,46,322,506,299,138,138,23,138,161,92,115,23,23,46,23,0,23,23,0,23,23,23,0,0,0,0,0,0,0,0,0,0,0
96x13,0,0,0,0,0,0,0,0,0,0,16,78,186,382,401,368,208,104,134,114,161,152,133,102,51,28,42,10,8,6,2,2,0,0,0,0,0,0,0,0,0,0,0,0,0,0
100x13,0,0,0,0,0,0,0,1,5,19,54,142,237,336,436,461,482,350,214,138,68,39,11,6,1,0,0,0,0,0,0,0,0,0,0,0,0,0,0,0,0,0,0,0,0,0
104x13,0,0,0,0,0,0,0,0,6,20,66,166,310,428,610,524,462,322,229,96,64,8,9,4,4,0,0,0,0,0,0,0,0,0,0,0,0,0,0,0,0,0,0,0,0,0
108x13,0,0,0,0,0,0,6,17,81,195,493,690,818,596,315,141,45,19,4,6,28,55,64,56,28,3,8,4,0,0,0,0,0,0,0,0,0,0,0,0,0,0,0,0,0,0
112x13,0,0,0,0,0,0,3,6,48,153,303,549,747,798,642,330,249,117,51,36,0,0,0,0,0,0,0,0,0,0,0,0,0,0,0,0,0,0,0,0,0,0,0,0,0,0
116x13,0,0,0,0,1,3,12,26,80,182,366,562,677,695,659,522,356,166,66,23,10,1,1,0,0,0,0,0,0,0,0,0,0,0,0,0,0,0,0,0,0,0,0,0,0,0
120x13,0,0,0,0,0,4,20,61,121,267,507,692,783,813,632,436,256,133,55,18,1,1,0,0,0,0,0,0,0,0,0,0,0,0,0,0,0,0,0,0,0,0,0,0,0,0
124x13,0,0,0,0,0,0,9,60,177,342,663,777,966,846,618,348,216,96,57,30,3,0,0,0,0,0,0,0,0,0,0,0,0,0,0,0,0,0,0,0,0,0,0,0,0,0
128x13,0,0,0,0,0,0,384,0,192,0,4608,0,0,0,0,0,0,0,0,0,0,0,0,0,0,0,0,0,0,0,64,0,192,0,192,0,0,0,0,0,0,0,0,0,0,0
132x13,0,0,0,3,7,31,77,213,402,697,930,1008,979,736,473,298,134,65,10,8,1,0,0,0,0,0,0,0,0,0,0,0,0,0,0,0,0,0,0,0,0,0,0,0,0,0
136x13,0,0,0,0,243,477,385,297,1302,2108,945,155,38,15,0,0,81,0,0,0,21,18,33,6,34,0,0,135,0,149,24,54,5,0,3,0,0,0,0,0,0,0,0,0,0,0
140x13,0,0,1,3,18,73,191,427,721,985,1123,1109,972,675,379,183,97,35,6,2,0,0,0,0,0,0,0,0,0,0,0,0,0,0,0,0,0,0,0,0,0,0,0,0,0,0
144x13,0,0,0,3,37,108,244,548,857,1114,1246,1197,910,635,337,155,73,15,6,1,2,0,0,0,0,0,0,0,0,0,0,0,0,0,0,0,0,0,0,0,0,0,0,0,0,0
148x13,0,0,0,0,36,123,267,636,1032,1197,1365,1197,942,555,393,132,90,18,9,0,0,0,0,0,0,0,0,0,0,0,0,0,0,0,0,0,0,0,0,0,0,0,0,0,0,0
152x13,0,0,1,14,53,186,429,795,1133,1438,1436,1230,847,503,271,118,34,19,2,2,1,0,0,0,0,0,0,0,0,0,0,0,0,0,0,0,0,0,0,0,0,0,0,0,0,0
156x13,468,0,8424,0,0,0,0,0,0,0,0,0,0,0,0,0,0,0,0,0,0,0,0,0,0,0,0,0,0,0,0,0,0,0,0,0,156,0,0,0,0,0,0,0,0,0
160x13,960,0,0,0,3552,0,0,0,3264,0,0,0,1536,0,0,0,288,0,0,0,0,0,0,0,0,0,0,0,0,0,0,0,0,0,0,0,0,0,0,0,0,0,0,0,0,0
164x13,0,0,11,43,157,402,819,1323,1659,1723,1578,1142,668,399,162,58,16,7,1,0,0,0,0,0,0,0,0,0,0,0,0,0,0,0,0,0,0,0,0,0,0,0,0,0,0,0
168x13,0,3,18,81,232,535,1060,1454,1798,1778,1490,1067,627,371,164,46,20,4,3,1,0,0,0,0,0,0,0,0,0,0,0,0,0,0,0,0,0,0,0,0,0,0,0,0,0,0
172x13,1,1,13,83,253,576,1130,1712,1976,1932,1561,1045,578,294,146,37,12,2,0,0,0,0,0,0,0,0,0,0,0,0,0,0,0,0,0,0,0,0,0,0,0,0,0,0,0,0
44x14,0,0,0,0,0,0,0,0,0,0,0,0,0,0,0,0,0,0,0,0,0,0,0,0,0,0,0,0,0,0,0,0,0,0,0,0,0,0,0,0,0,0,22,0,0,0
48x14,0,0,0,0,0,0,0,0,0,0,0,0,0,0,0,0,0,0,0,0,0,0,0,0,0,0,0,0,0,0,0,0,0,0,0,0,0,0,0,48,72,0,0,0,0,0
52x14,0,0,0,0,0,0,0,0,0,0,0,0,0,0,0,0,0,0,0,0,0,0,0,0,0,0,0,0,0,0,0,0,0,0,0,0,117,108,9,0,0,0,0,0,0,0
56x14,0,0,0,0,0,0,0,0,0,0,0,0,0,0,0,0,0,0,0,0,0,0,0,0,0,0,0,0,0,0,16,0,56,126,126,34,6,0,0,0,0,0,0,0,0,0
60x14,0,0,0,0,0,0,0,0,0,0,0,0,0,0,0,0,0,0,0,0,0,0,0,0,0,0,0,0,7,59,128,143,95,58,18,2,0,0,0,0,0,0,0,0,0,0
64x14,0,0,0,0,0,0,0,0,0,0,0,0,0,0,0,0,0,0,0,0,0,0,0,0,32,0,128,0,64,0,0,0,0,0,256,0,192,0,0,0,0,0,0,0,0,0
68x14,0,0,0,0,0,0,0,0,0,0,0,0,0,0,0,0,0,0,0,0,0,3,3,17,55,139,181,173,130,109,29,11,0,0,0,0,0,0,0,0,0,0,0,0,0,0
72x14,0,0,0,0,0,0,0,0,0,0,0,0,0,0,0,0,0,0,0,0,3,21,81,114,165,216,195,141,78,18,6,3,3,0,0,0,0,0,0,0,0,0,0,0,0,0
76x14,0,0,0,0,0,0,0,0,0,0,0,0,0,0,0,0,0,0,0,9,48,78,168,240,237,159,147,87,51,15,15,0,0,0,0,0,0,0,0,0,0,0,0,0,0,0
80x14,0,0,0,0,0,0,0,0,0,0,0,0,0,0,0,0,7,16,21,42,166,208,242,238,255,168,73,30,10,0,4,0,0,0,0,0,0,0,0,0,0,0,0,0,0,0
84x14,0,0,0,0,0,0,0,0,0,0,0,0,0,0,3,3,15,51,123,177,255,309,279,210,171,84,15,21,6,0,0,0,0,0,0,0,0,0,0,0,0,0,0,0,0,0
88x14,0,0,0,0,0,0,0,0,0,0,0,0,0,0,0,18,30,72,192,291,339,363,324,153,126,45,18,6,0,0,3,0,0,0,0,0,0,0,0,0,0,0,0,0,0,0
92x14,0,0,0,0,0,0,0,0,0,0,0,0,0,46,0,69,253,483,276,115,115,92,46,69,207,115,115,46,23,0,69,0,23,23,0,23,23,23,0,0,0,0,0,0,0,0
96x14,0,0,0,0,0,0,0,0,0,0,0,0,4,24,152,252,361,396,214,108,114,40,162,108,186,84,148,72,65,4,30,0,20,0,0,0,0,0,0,0,0,0,0,0,0,0
100x14,0,0,0,0,0,0,0,0,0,0,5,15,34,98,184,278,394,422,458,364,246,154,102,63,22,5,4,0,2,0,0,0,0,0,0,0,0,0,0,0,0,0,0,0,0,0
104x14,0,0,0,0,0,0,0,0,0,0,6,6,58,128,206,396,490,478,507,376,246,142,85,22,9,10,6,0,1,0,0,0,0,0,0,0,0,0,0,0,0,0,0,0,0,0
108x14,0,0,0,0,0,0,0,0,2,12,42,119,298,549,680,651,497,254,107,39,8,16,41,77,67,31,8,12,0,0,0,0,0,0,0,0,0,0,0,0,0,0,0,0,0,0
112x14,0,0,0,0,0,0,0,0,3,0,48,111,264,441,711,699,660,441,252,132,54,36,12,0,0,0,0,0,0,0,0,0,0,0,0,0,0,0,0,0,0,0,0,0,0,0
116x14,0,0,0,0,0,1,1,1,10,37,75,196,317,463,636,693,606,511,360,189,91,28,14,5,0,0,0,0,0,0,0,0,0,0,0,0,0,0,0,0,0,0,0,0,0,0
120x14,0,0,0,0,0,0,2,7,23,65,155,278,459,631,747,720,613,434,246,141,61,27,8,3,0,0,0,0,0,0,0,0,0,0,0,0,0,0,0,0,0,0,0,0,0,0
124x14,0,0,0,0,0,0,0,0,15,57,129,366,651,807,819,780,627,348,198,120,75,21,6,3,0,0,0,0,0,0,0,0,0,0,0,0,0,0,0,0,0,0,0,0,0,0
128x14,0,0,0,0,0,0,0,0,0,0,384,0,4608,0,0,0,0,0,0,0,0,0,0,0,0,0,0,0,0,0,0,0,0,0,0,0,256,0,192,0,0,0,0,0,0,0
132x14,0,0,0,0,1,2,10,46,120,235,439,689,903,951,858,668,460,272,137,61,19,1,2,0,0,0,0,0,0,0,0,0,0,0,0,0,0,0,0,0,0,0,0,0,0,0
136x14,0,0,0,0,0,199,390,163,216,337,1677,1878,553,139,54,96,147,0,0,0,3,21,39,15,34,0,0,0,0,0,135,0,0,147,18,4,56,0,0,3,0,0,0,0,0,0
140x14,0,0,0,0,4,8,30,119,230,482,758,980,1087,1037,819,610,325,176,86,29,8,2,0,0,0,0,0,0,0,0,0,0,0,0,0,0,0,0,0,0,0,0,0,0,0,0
144x14,0,0,0,0,3,23,66,161,369,612,872,1095,1161,1049,807,525,307,141,54,19,4,2,1,0,1,0,0,0,0,0,0,0,0,0,0,0,0,0,0,0,0,0,0,0,0,0
148x14,0,0,0,0,6,21,63,174,438,765,963,1290,1311,1044,771,480,261,102,57,21,0,3,0,0,0,0,0,0,0,0,0,0,0,0,0,0,0,0,0,0,0,0,0,0,0,0
152x14,0,0,0,1,14,40,136,278,561,898,1224,1317,1245,1082,709,427,199,89,37,20,5,2,0,0,0,0,0,0,0,0,0,0,0,0,0,0,0,0,0,0,0,0,0,0,0,0
156x14,0,30,381,799,6699,723,26,0,0,0,0,0,0,0,0,0,0,0,0,0,0,0,0,0,0,0,0,0,0,0,0,0,0,0,0,0,129,24,3,0,0,0,0,0,0,0
160x14,96,288,456,96,288,864,1524,720,576,912,1488,192,336,720,348,192,48,144,72,0,0,0,0,0,0,0,0,0,0,0,0,0,0,0,0,0,0,0,0,0,0,0,0,0,0,0
164x14,0,0,2,4,48,95,300,668,1020,1440,1600,1567,1283,876,540,312,105,41,17,4,0,0,0,0,0,0,0,0,0,0,0,0,0,0,0,0,0,0,0,0,0,0,0,0,0,0
168x14,0,0,3,19,77,153,406,814,1245,1533,1697,1550,1277,831,484,249,105,38,14,3,0,2,0,0,0,0,0,0,0,0,0,0,0,0,0,0,0,0,0,0,0,0,0,0,0,0
172x14,0,1,6,17,61,220,479,927,1345,1717,1874,1625,1220,783,479,218,74,34,9,3,2,0,0,0,0,0,0,0,0,0,0,0,0,0,0,0,0,0,0,0,0,0,0,0,0,0
48x15,0,0,0,0,0,0,0,0,0,0,0,0,0,0,0,0,0,0,0,0,0,0,0,0,0,0,0,0,0,0,0,0,0,0,0,0,0,0,0,0,0,0,0,0,0,48
52x15,0,0,0,0,0,0,0,0,0,0,0,0,0,0,0,0,0,0,0,0,0,0,0,0,0,0,0,0,0,0,0,0,0,0,0,0,0,0,0,0,0,0,156,0,0,0
56x15,0,0,0,0,0,0,0,0,0,0,0,0,0,0,0,0,0,0,0,0,0,0,0,0,0,0,0,0,0,0,0,0,0,0,0,0,26,0,146,94,14,0,0,0,0,0
60x15,0,0,0,0,0,0,0,0,0,0,0,0,0,0,0,0,0,0,0,0,0,0,0,0,0,0,0,0,0,0,0,0,0,1,35,131,138,83,23,9,0,0,0,0,0,0
64x15,0,0,0,0,0,0,0,0,0,0,0,0,0,0,0,0,0,0,0,0,0,0,0,0,0,0,0,0,0,0,64,0,64,0,32,0,0,0,320,0,64,0,32,0,0,0
68x15,0,0,0,0,0,0,0,0,0,0,0,0,0,0,0,0,0,0,0,0,0,0,0,0,0,0,1,9,36,86,165,193,122,89,29,16,2,0,0,0,0,0,0,0,0,0
72x15,0,0,0,0,0,0,0,0,0,0,0,0,0,0,0,0,0,0,0,0,0,0,0,0,3,15,69,102,168,180,186,120,75,9,6,3,0,0,0,0,0,0,0,0,0,0
76x15,0,0,0,0,0,0,0,0,0,0,0,0,0,0,0,0,0,0,0,0,0,0,3,0,30,102,153,222,231,150,102,75,60,9,0,3,0,0,0,0,0,0,0,0,0,0
80x15,0,0,0,0,0,0,0,0,0,0,0,0,0,0,0,0,0,0,0,0,4,20,54,72,185,250,215,244,180,84,32,10,9,0,1,0,0,0,0,0,0,0,0,0,0,0
84x15,0,0,0,0,0,0,0,0,0,0,0,0,0,0,0,0,0,0,6,9,42,72,168,249,264,312,225,135,72,24,9,3,6,0,0,0,0,0,0,0,0,0,0,0,0,0
88x15,0,0,0,0,0,0,0,0,0,0,0,0,0,0,0,0,0,3,6,30,78,168,231,306,333,342,204,111,24,6,3,0,3,0,0,0,0,0,0,0,0,0,0,0,0,0
92x15,0,0,0,0,0,0,0,0,0,0,0,0,0,0,0,0,46,0,92,184,506,69,207,69,46,115,69,69,207,138,46,69,0,23,46,23,23,0,23,23,23,0,0,0,0,0
96x15,0,0,0,0,0,0,0,0,0,0,0,0,0,0,0,2,24,186,330,340,299,126,55,48,90,98,136,120,174,88,82,86,65,26,11,6,2,2,4,0,0,0,0,0,0,0
100x15,0,0,0,0,0,0,0,0,0,0,0,1,0,4,24,49,100,196,282,379,448,378,321,226,140,80,41,9,16,6,0,0,0,0,0,0,0,0,0,0,0,0,0,0,0,0
104x15,0,0,0,0,0,0,0,0,0,0,0,0,0,12,38,84,144,246,427,436,482,422,305,210,122,44,20,14,6,2,2,0,0,0,0,0,0,0,0,0,0,0,0,0,0,0
108x15,0,0,0,0,0,0,0,0,0,0,1,3,16,57,149,344,571,662,608,392,182,66,27,27,63,94,60,17,8,1,0,0,0,0,0,0,0,0,0,0,0,0,0,0,0,0
112x15,0,0,0,0,0,0,0,0,0,0,0,12,9,87,189,357,591,642,612,504,303,204,99,57,27,3,0,0,0,0,0,0,0,0,0,0,0,0,0,0,0,0,0,0,0,0
116x15,0,0,0,0,0,0,0,0,2,2,10,22,68,153,289,404,542,654,598,504,380,230,114,59,23,4,2,0,0,0,0,0,0,0,0,0,0,0,0,0,0,0,0,0,0,0
120x15,0,0,0,0,0,0,0,0,3,7,21,69,111,225,446,563,650,711,579,481,306,147,69,32,16,4,0,0,0,0,0,0,0,0,0,0,0,0,0,0,0,0,0,0,0,0
124x15,0,0,0,0,0,0,0,0,0,0,6,63,141,366,561,771,768,720,552,414,219,150,60,27,6,12,0,0,0,0,0,0,0,0,0,0,0,0,0,0,0,0,0,0,0,0
128x15,0,0,0,0,0,0,0,0,0,0,0,0,0,0,4800,0,0,0,0,0,0,0,0,0,0,0,0,0,0,0,0,0,0,0,0,0,0,0,0,0,0,0,448,0,0,0
132x15,0,0,0,0,0,1,1,7,20,46,132,273,431,622,839,879,808,646,448,290,148,54,26,4,0,1,0,0,0,0,0,0,0,0,0,0,0,0,0,0,0,0,0,0,0,0
136x15,0,0,0,0,0,0,174,444,111,4,41,474,2231,1576,279,12,81,6,171,52,0,0,27,48,37,0,0,0,0,0,0,0,0,0,0,0,135,135,54,23,2,3,0,0,0,0
140x15,0,0,0,0,0,1,7,11,56,131,292,539,739,924,979,961,839,489,329,165,76,29,9,4,0,0,0,0,0,0,0,0,0,0,0,0,0,0,0,0,0,0,0,0,0,0
144x15,0,0,0,0,0,2,3,29,107,203,390,665,833,1018,1071,1006,755,494,271,134,50,17,4,1,3,0,0,0,0,0,0,0,0,0,0,0,0,0,0,0,0,0,0,0,0,0
148x15,0,0,0,0,0,0,12,24,153,297,498,852,1092,1221,1032,927,585,447,219,102,54,18,12,0,0,0,3,0,0,0,0,0,0,0,0,0,0,0,0,0,0,0,0,0,0,0
152x15,0,0,0,0,0,6,31,70,169,363,650,957,1171,1265,1164,902,640,345,189,84,26,16,7,1,0,0,0,0,0,0,0,0,0,0,0,0,0,0,0,0,0,0,0,0,0,0
156x15,0,0,0,36,384,1168,4944,1671,208,13,0,0,0,0,0,0,0,0,0,0,0,0,0,0,0,0,0,0,0,0,0,0,0,0,0,0,94,53,9,0,0,0,0,0,0,0
160x15,96,0,288,0,672,0,1008,0,1824,0,1752,0,1536,0,1104,0,384,0,408,0,0,0,48,0,0,0,0,0,0,0,0,0,0,0,0,0,0,0,0,0,0,0,0,0,0,0
164x15,0,0,0,2,8,18,76,209,446,760,1160,1400,1581,1320,1169,713,432,229,103,35,10,2,3,0,0,0,0,0,0,0,0,0,0,0,0,0,0,0,0,0,0,0,0,0,0,0
168x15,0,0,0,2,18,42,126,286,601,970,1272,1518,1542,1473,1055,644,387,176,85,34,13,3,1,0,0,0,0,0,0,0,0,0,0,0,0,0,0,0,0,0,0,0,0,0,0,0
172x15,0,1,0,1,13,53,158,310,655,1163,1433,1710,1715,1424,1001,636,332,135,68,15,8,4,1,0,0,0,0,0,0,0,0,0,0,0,0,0,0,0,0,0,0,0,0,0,0,0
